{"stats":{"minecraft:picked_up":{"minecraft:birch_log":50,"minecraft:raw_iron":6,"minecraft:crafting_table":3,"minecraft:stick":43,"minecraft:wheat":1,"minecraft:sweet_berries":7,"minecraft:porkchop":3,"minecraft:spruce_sapling":28,"minecraft:oak_log":89,"minecraft:ink_sac":3,"tombstone:grave_dust":2,"minecraft:spruce_log":57,"minecraft:carrot":74,"skilltree:gem":1,"minecraft:dirt":13,"minecraft:arrow":2,"minecraft:apple":3,"minecraft:wheat_seeds":4,"meadow:cobbled_limestone":9,"meadow:eriophorum":1,"minecraft:oak_sapling":30,"minecraft:birch_sapling":12,"minecraft:coal":13,"iceandfire:raw_silver":1,"minecraft:cobblestone":22},"minecraft:used":{"minecraft:apple":2,"minecraft:stone_pickaxe":36,"minecraft:wooden_pickaxe":10,"minecraft:stone_axe":294,"minecraft:dirt":11,"minecraft:cobblestone":16,"minecraft:sweet_berries":22,"minecraft:crafting_table":3,"minecraft:carrot":50},"minecraft:broken":{"minecraft:stone_axe":2},"minecraft:custom":{"minecraft:time_since_rest":26645,"minecraft:interact_with_furnace":1,"minecraft:sprint_one_cm":99295,"minecraft:damage_taken":325,"minecraft:walk_one_cm":71097,"minecraft:mob_kills":2,"minecraft:damage_dealt":298,"minecraft:swim_one_cm":15983,"minecraft:fly_one_cm":91712,"minecraft:interact_with_crafting_table":7,"minecraft:open_chest":5,"minecraft:interact_with_loom":1,"minecraft:crouch_one_cm":4738,"minecraft:play_time":32441,"tombstone:undead_killed":1,"minecraft:sneak_time":1917,"minecraft:walk_under_water_one_cm":3429,"minecraft:jump":537,"minecraft:walk_on_water_one_cm":4215,"minecraft:time_since_death":32441,"minecraft:sleep_in_bed":1,"minecraft:total_world_time":32441,"minecraft:fall_one_cm":13485},"minecraft:mined":{"minecraft:large_fern":2,"iceandfire:silver_ore":1,"minecraft:carrots":22,"minecraft:iron_ore":2,"minecraft:birch_log":50,"minecraft:wheat":2,"minecraft:sweet_berry_bush":4,"minecraft:spruce_log":87,"meadow:eriophorum":1,"minecraft:crafting_table":3,"meadow:limestone":9,"minecraft:grass":7,"minecraft:coal_ore":1,"minecraft:grass_block":2,"minecraft:oak_log":100,"minecraft:dirt":12,"minecraft:cobblestone":7,"minecraft:spruce_leaves":5,"minecraft:stone":15,"minecraft:oak_leaves":8,"minecraft:fern":2},"minecraft:crafted":{"minecraft:oak_planks":16,"minecraft:crafting_table":1,"minecraft:stick":8,"minecraft:wooden_pickaxe":1,"minecraft:stone_pickaxe":1,"minecraft:birch_planks":200,"minecraft:stone_axe":3},"minecraft:killed":{"minecraft:skeleton":1,"minecraft:pig":1}},"DataVersion":3465}