{"stats":{"minecraft:dropped":{"meadow:delphinium":2,"minecraft:wheat_seeds":7,"meadow:enzian":3,"tombstone:grave_dust":1,"meadow:eriophorum":1},"minecraft:picked_up":{"minecraft:birch_log":50,"minecraft:coarse_dirt":2,"minecraft:crafting_table":3,"meadow:limestone_slab":1,"minecraft:wheat":1,"minecraft:stripped_spruce_wood":1,"minecraft:oak_log":89,"skilltree:gem":1,"minecraft:dirt":87,"minecraft:apple":3,"iceandfire:graveyard_soil":1,"minecraft:wheat_seeds":33,"meadow:enzian":40,"minecraft:spruce_wood":1,"meadow:cobbled_limestone":171,"meadow:eriophorum":12,"minecraft:chest":1,"meadow:alpine_salt":1,"minecraft:birch_sapling":12,"minecraft:oak_planks":11,"minecraft:stick":127,"minecraft:raw_iron":6,"minecraft:sweet_berries":7,"mysticsbiomes:lavender":2,"minecraft:porkchop":3,"minecraft:stripped_spruce_log":2,"minecraft:spruce_sapling":113,"tombstone:grave_dust":3,"minecraft:ink_sac":3,"minecraft:spruce_log":452,"minecraft:carrot":74,"meadow:inky_wool":1,"minecraft:mossy_cobblestone":1,"minecraft:arrow":2,"meadow:delphinium":30,"minecraft:rooted_dirt":8,"minecraft:oak_sapling":30,"minecraft:black_wool":1,"minecraft:mutton":3,"minecraft:coal":13,"iceandfire:raw_silver":1,"minecraft:cobblestone":22},"minecraft:used":{"meadow:inky_wool":1,"minecraft:birch_planks":13,"minecraft:stone_shovel":91,"minecraft:stone_pickaxe":213,"minecraft:oak_planks":160,"minecraft:chest":2,"minecraft:wooden_pickaxe":10,"minecraft:dirt":78,"minecraft:crafting_table":6,"minecraft:carrot":78,"minecraft:spruce_log":218,"meadow:cobbled_limestone":116,"minecraft:black_wool":1,"minecraft:apple":2,"minecraft:spruce_wood":2,"minecraft:rooted_dirt":1,"minecraft:stone_axe":900,"minecraft:cobblestone":19,"minecraft:sweet_berries":22,"tombstone:gift":2,"minecraft:stripped_spruce_wood":1},"minecraft:killed_by":{"minecraft:skeleton":2,"minecraft:creeper":1,"iceandfire:ghost":1},"minecraft:broken":{"minecraft:stone_axe":6},"minecraft:custom":{"minecraft:interact_with_furnace":1,"minecraft:mob_kills":4,"minecraft:interact_with_crafting_table":17,"minecraft:interact_with_loom":1,"minecraft:time_since_death":6951,"minecraft:sleep_in_bed":4,"minecraft:climb_one_cm":398,"minecraft:time_since_rest":4800,"minecraft:sprint_one_cm":274643,"minecraft:damage_taken":1795,"minecraft:walk_one_cm":254133,"minecraft:drop":13,"minecraft:damage_dealt":707,"minecraft:swim_one_cm":16366,"minecraft:fly_one_cm":293731,"minecraft:open_chest":15,"minecraft:crouch_one_cm":21406,"minecraft:play_time":110441,"tombstone:undead_killed":1,"minecraft:deaths":4,"minecraft:sneak_time":7099,"minecraft:walk_under_water_one_cm":3462,"minecraft:jump":1889,"minecraft:walk_on_water_one_cm":4278,"minecraft:total_world_time":110441,"minecraft:fall_one_cm":52063},"minecraft:mined":{"minecraft:podzol":4,"mysticsbiomes:lavender":1,"meadow:alpine_salt_ore":1,"iceandfire:graveyard_soil":1,"iceandfire:silver_ore":1,"minecraft:crafting_table":3,"minecraft:grass_block":52,"minecraft:poppy":1,"minecraft:chest":1,"minecraft:tall_grass":103,"minecraft:cobblestone":7,"minecraft:spruce_leaves":21,"minecraft:oak_planks":11,"minecraft:rooted_dirt":9,"minecraft:large_fern":23,"minecraft:coarse_dirt":2,"meadow:limestone_slab":1,"minecraft:carrots":22,"minecraft:stripped_spruce_wood":1,"minecraft:birch_log":50,"minecraft:iron_ore":2,"minecraft:wheat":2,"minecraft:sweet_berry_bush":4,"minecraft:spruce_log":530,"minecraft:stripped_spruce_log":2,"meadow:eriophorum":11,"meadow:limestone":159,"minecraft:grass":228,"minecraft:oak_log":100,"minecraft:coal_ore":1,"meadow:enzian":43,"minecraft:dirt":32,"meadow:cobbled_limestone":16,"minecraft:spruce_wood":1,"minecraft:stone":15,"minecraft:oak_leaves":8,"meadow:delphinium":31,"minecraft:fern":21},"minecraft:killed":{"minecraft:pig":1,"minecraft:sheep":2,"minecraft:skeleton":1},"minecraft:crafted":{"minecraft:oak_planks":356,"minecraft:stone_shovel":1,"minecraft:crafting_table":3,"minecraft:wooden_pickaxe":1,"minecraft:birch_planks":200,"minecraft:stone_axe":9,"minecraft:spruce_wood":3,"minecraft:stick":8,"minecraft:stone_pickaxe":2,"minecraft:chest":2}},"DataVersion":3465}