{"stats":{"minecraft:picked_up":{"minecraft:birch_log":44,"minecraft:crafting_table":2,"minecraft:stick":24,"minecraft:wheat":1,"minecraft:sweet_berries":7,"minecraft:oak_log":75,"tombstone:grave_dust":2,"minecraft:carrot":74,"minecraft:dirt":2,"minecraft:arrow":2,"minecraft:apple":3,"minecraft:wheat_seeds":1,"meadow:cobbled_limestone":9,"meadow:eriophorum":1,"minecraft:oak_sapling":24,"minecraft:birch_sapling":11},"minecraft:used":{"minecraft:apple":2,"minecraft:stone_pickaxe":1,"minecraft:wooden_pickaxe":10,"minecraft:stone_axe":160,"minecraft:sweet_berries":7,"minecraft:crafting_table":2,"minecraft:carrot":43},"minecraft:broken":{"minecraft:stone_axe":1},"minecraft:custom":{"minecraft:time_since_rest":2645,"minecraft:interact_with_furnace":1,"minecraft:sprint_one_cm":26421,"minecraft:damage_taken":255,"minecraft:walk_one_cm":35645,"minecraft:mob_kills":1,"minecraft:damage_dealt":198,"minecraft:fly_one_cm":10265,"minecraft:interact_with_crafting_table":6,"minecraft:open_chest":4,"minecraft:crouch_one_cm":532,"minecraft:play_time":8441,"tombstone:undead_killed":1,"minecraft:sneak_time":322,"minecraft:walk_under_water_one_cm":107,"minecraft:jump":101,"minecraft:walk_on_water_one_cm":727,"minecraft:time_since_death":8441,"minecraft:sleep_in_bed":1,"minecraft:total_world_time":8441,"minecraft:fall_one_cm":3354},"minecraft:mined":{"minecraft:carrots":22,"minecraft:birch_log":44,"minecraft:wheat":2,"meadow:eriophorum":1,"minecraft:crafting_table":2,"meadow:limestone":9,"minecraft:grass":3,"minecraft:grass_block":1,"minecraft:oak_log":84,"minecraft:dirt":1,"minecraft:oak_leaves":3},"minecraft:crafted":{"minecraft:oak_planks":16,"minecraft:crafting_table":1,"minecraft:stick":8,"minecraft:wooden_pickaxe":1,"minecraft:stone_pickaxe":1,"minecraft:stone_axe":2},"minecraft:killed":{"minecraft:skeleton":1}},"DataVersion":3465}