{"stats":{"minecraft:killed_by":{"minecraft:skeleton":2,"minecraft:creeper":1,"iceandfire:ghost":2},"minecraft:mined":{"minecraft:podzol":4,"mysticsbiomes:lavender":1,"meadow:alpine_salt_ore":1,"iceandfire:silver_ore":1,"iceandfire:graveyard_soil":1,"meadow:saxifrage":2,"minecraft:crafting_table":3,"minecraft:grass_block":53,"minecraft:poppy":1,"minecraft:chest":1,"minecraft:tall_grass":131,"minecraft:cobblestone":7,"minecraft:spruce_leaves":22,"minecraft:oak_planks":11,"minecraft:rooted_dirt":9,"meadow:inky_wool":1,"minecraft:large_fern":32,"minecraft:birch_planks":22,"minecraft:coarse_dirt":2,"meadow:limestone_slab":1,"minecraft:carrots":22,"minecraft:stripped_spruce_wood":1,"minecraft:iron_ore":2,"minecraft:birch_log":50,"minecraft:wheat":2,"minecraft:sweet_berry_bush":4,"minecraft:spruce_log":623,"meadow:fire_lily":2,"minecraft:stripped_spruce_log":2,"meadow:eriophorum":11,"meadow:limestone":161,"minecraft:grass":275,"minecraft:oak_log":100,"minecraft:coal_ore":1,"meadow:enzian":45,"minecraft:dirt":35,"meadow:cobbled_limestone":16,"minecraft:spruce_wood":1,"minecraft:stone":15,"minecraft:oak_leaves":8,"meadow:delphinium":34,"minecraft:fern":23},"minecraft:custom":{"minecraft:interact_with_furnace":1,"minecraft:mob_kills":8,"minecraft:interact_with_crafting_table":18,"minecraft:interact_with_loom":1,"minecraft:time_since_death":12503,"minecraft:sleep_in_bed":4,"minecraft:climb_one_cm":398,"minecraft:time_since_rest":10999,"minecraft:sprint_one_cm":331015,"minecraft:damage_taken":2647,"minecraft:walk_one_cm":369519,"minecraft:drop":21,"minecraft:damage_dealt":1452,"minecraft:swim_one_cm":16465,"minecraft:fly_one_cm":383981,"minecraft:talked_to_villager":7,"minecraft:open_chest":15,"minecraft:crouch_one_cm":36640,"minecraft:play_time":163504,"tombstone:undead_killed":1,"minecraft:deaths":5,"minecraft:sneak_time":12319,"minecraft:walk_under_water_one_cm":3495,"minecraft:jump":2534,"minecraft:walk_on_water_one_cm":4341,"minecraft:total_world_time":163504,"minecraft:fall_one_cm":68719},"minecraft:crafted":{"minecraft:oak_planks":356,"minecraft:stone_shovel":1,"minecraft:crafting_table":3,"minecraft:wooden_pickaxe":1,"minecraft:birch_planks":200,"minecraft:stone_axe":12,"minecraft:spruce_wood":3,"minecraft:stick":8,"minecraft:stone_pickaxe":2,"minecraft:chest":2},"minecraft:picked_up":{"minecraft:birch_log":50,"minecraft:crafting_table":3,"minecraft:coarse_dirt":2,"meadow:limestone_slab":1,"minecraft:wheat":1,"minecraft:leather":3,"minecraft:lead":1,"minecraft:birch_planks":9,"minecraft:stripped_spruce_wood":1,"minecraft:oak_log":89,"meadow:fire_lily":1,"skilltree:gem":1,"minecraft:string":1,"minecraft:dirt":91,"minecraft:apple":3,"meadow:saxifrage":2,"iceandfire:graveyard_soil":1,"minecraft:wheat_seeds":35,"meadow:enzian":41,"minecraft:spruce_wood":1,"meadow:cobbled_limestone":173,"meadow:eriophorum":12,"minecraft:chest":1,"meadow:alpine_salt":1,"minecraft:birch_sapling":12,"minecraft:oak_planks":11,"minecraft:stick":141,"minecraft:raw_iron":6,"minecraft:sweet_berries":7,"mysticsbiomes:lavender":2,"minecraft:porkchop":3,"tombstone:grave_dust":3,"minecraft:spruce_sapling":138,"minecraft:stripped_spruce_log":2,"minecraft:ink_sac":3,"minecraft:carrot":74,"minecraft:spruce_log":564,"meadow:inky_wool":2,"minecraft:spider_eye":1,"minecraft:mossy_cobblestone":1,"minecraft:arrow":2,"meadow:delphinium":31,"minecraft:rooted_dirt":8,"minecraft:oak_sapling":30,"minecraft:black_wool":1,"minecraft:mutton":3,"minecraft:coal":13,"iceandfire:raw_silver":1,"minecraft:cobblestone":22},"minecraft:dropped":{"meadow:delphinium":2,"meadow:saxifrage":2,"minecraft:wheat_seeds":31,"meadow:enzian":4,"minecraft:mossy_cobblestone":1,"meadow:fire_lily":1,"tombstone:grave_dust":1,"meadow:eriophorum":1},"minecraft:broken":{"minecraft:stone_axe":9},"minecraft:killed":{"minecraft:pig":1,"minecraft:spider":2,"minecraft:skeleton":1,"minecraft:sheep":2,"minecraft:trader_llama":2},"minecraft:used":{"meadow:inky_wool":1,"minecraft:birch_planks":66,"minecraft:stone_pickaxe":216,"minecraft:stone_shovel":93,"minecraft:oak_planks":160,"minecraft:chest":2,"minecraft:wooden_pickaxe":10,"minecraft:dirt":78,"minecraft:crafting_table":6,"minecraft:carrot":110,"minecraft:spruce_log":450,"meadow:cobbled_limestone":118,"minecraft:black_wool":1,"minecraft:apple":2,"minecraft:spruce_wood":2,"minecraft:rooted_dirt":1,"minecraft:stone_axe":1301,"minecraft:cobblestone":19,"minecraft:sweet_berries":22,"tombstone:gift":2,"minecraft:stripped_spruce_wood":1}},"DataVersion":3465}