{"stats":{"minecraft:dropped":{"meadow:delphinium":1,"minecraft:wheat_seeds":3,"meadow:enzian":2,"tombstone:grave_dust":1},"minecraft:picked_up":{"minecraft:birch_log":50,"minecraft:crafting_table":3,"meadow:limestone_slab":1,"minecraft:wheat":1,"minecraft:oak_log":89,"skilltree:gem":1,"minecraft:dirt":19,"minecraft:apple":3,"iceandfire:graveyard_soil":1,"minecraft:wheat_seeds":17,"meadow:enzian":16,"meadow:cobbled_limestone":102,"meadow:eriophorum":4,"minecraft:chest":1,"meadow:alpine_salt":1,"minecraft:birch_sapling":12,"minecraft:stick":91,"minecraft:raw_iron":6,"minecraft:sweet_berries":7,"mysticsbiomes:lavender":2,"minecraft:porkchop":3,"minecraft:spruce_sapling":79,"tombstone:grave_dust":3,"minecraft:ink_sac":3,"minecraft:spruce_log":239,"minecraft:carrot":74,"meadow:inky_wool":1,"minecraft:mossy_cobblestone":1,"minecraft:arrow":2,"meadow:delphinium":9,"minecraft:rooted_dirt":1,"minecraft:oak_sapling":30,"minecraft:black_wool":1,"minecraft:mutton":3,"minecraft:coal":13,"iceandfire:raw_silver":1,"minecraft:cobblestone":22},"minecraft:used":{"minecraft:birch_planks":5,"minecraft:stone_shovel":37,"minecraft:stone_pickaxe":139,"minecraft:oak_planks":7,"minecraft:chest":2,"minecraft:wooden_pickaxe":10,"minecraft:dirt":16,"minecraft:crafting_table":5,"minecraft:carrot":69,"meadow:cobbled_limestone":82,"minecraft:black_wool":1,"minecraft:apple":2,"minecraft:stone_axe":563,"minecraft:cobblestone":19,"minecraft:sweet_berries":22,"tombstone:gift":2},"minecraft:killed_by":{"minecraft:skeleton":1,"minecraft:creeper":1},"minecraft:broken":{"minecraft:stone_axe":3},"minecraft:custom":{"minecraft:interact_with_furnace":1,"minecraft:mob_kills":4,"minecraft:interact_with_crafting_table":14,"minecraft:interact_with_loom":1,"minecraft:time_since_death":3665,"minecraft:sleep_in_bed":3,"minecraft:climb_one_cm":398,"minecraft:time_since_rest":2125,"minecraft:sprint_one_cm":207628,"minecraft:damage_taken":910,"minecraft:walk_one_cm":137051,"minecraft:drop":7,"minecraft:damage_dealt":586,"minecraft:swim_one_cm":15983,"minecraft:fly_one_cm":220918,"minecraft:open_chest":13,"minecraft:crouch_one_cm":9622,"minecraft:play_time":62441,"tombstone:undead_killed":1,"minecraft:deaths":2,"minecraft:sneak_time":3320,"minecraft:walk_under_water_one_cm":3429,"minecraft:jump":1322,"minecraft:walk_on_water_one_cm":4215,"minecraft:total_world_time":62441,"minecraft:fall_one_cm":34664},"minecraft:mined":{"minecraft:podzol":1,"mysticsbiomes:lavender":1,"meadow:alpine_salt_ore":1,"iceandfire:graveyard_soil":1,"iceandfire:silver_ore":1,"minecraft:crafting_table":3,"minecraft:grass_block":3,"minecraft:poppy":1,"minecraft:chest":1,"minecraft:tall_grass":71,"minecraft:cobblestone":7,"minecraft:spruce_leaves":19,"minecraft:rooted_dirt":1,"minecraft:large_fern":23,"meadow:limestone_slab":1,"minecraft:carrots":22,"minecraft:birch_log":50,"minecraft:iron_ore":2,"minecraft:wheat":2,"minecraft:sweet_berry_bush":4,"minecraft:spruce_log":292,"meadow:eriophorum":5,"meadow:limestone":98,"minecraft:grass":145,"minecraft:oak_log":100,"minecraft:coal_ore":1,"meadow:enzian":19,"minecraft:dirt":16,"meadow:cobbled_limestone":8,"minecraft:stone":15,"minecraft:oak_leaves":8,"meadow:delphinium":10,"minecraft:fern":15},"minecraft:killed":{"minecraft:pig":1,"minecraft:sheep":2,"minecraft:skeleton":1},"minecraft:crafted":{"minecraft:oak_planks":100,"minecraft:stone_shovel":1,"minecraft:crafting_table":2,"minecraft:wooden_pickaxe":1,"minecraft:birch_planks":200,"minecraft:stone_axe":4,"minecraft:stick":8,"minecraft:stone_pickaxe":2,"minecraft:chest":2}},"DataVersion":3465}