{"stats":{"minecraft:used":{"twilightforest:spiral_bricks":1,"minecraft:iron_shovel":354,"minecraft:poppy":8,"minecraft:chest":12,"minecraft:shield":29,"minecraft:nether_bricks":14,"minecraft:obsidian":10,"minecraft:birch_sapling":25,"twilightforest:twilight_oak_planks":16,"minecraft:stone_bricks":22,"twilightforest:nagastone":2,"minecraft:sweet_berries":45,"minecraft:furnace":7,"minecraft:oak_sapling":4,"minecraft:skeleton_skull":1,"minecraft:mossy_stone_bricks":8,"minecraft:stone_pickaxe":117,"minecraft:oak_planks":22,"minecraft:wooden_pickaxe":5,"minecraft:sugar_cane":7,"minecraft:golden_apple":1,"minecraft:bread":5,"minecraft:melon_slice":70,"minecraft:gravel":51,"mysticsbiomes:lavender":22,"minecraft:diamond_sword":173,"twilightforest:mossy_nagastone_pillar":1,"minecraft:smooth_stone_slab":10,"minecraft:bone_meal":9,"minecraft:enchanting_table":1,"minecraft:iron_bars":3,"minecraft:stone_sword":12,"minecraft:flint_and_steel":1,"minecraft:cooked_chicken":3,"minecraft:netherrack":71,"minecraft:torch":28,"minecraft:brewing_stand":2,"minecraft:dirt":194,"minecraft:birch_door":2,"minecraft:iron_hoe":90,"minecraft:iron_axe":268,"minecraft:melon_seeds":24,"tombstone:gift":2,"minecraft:cooked_beef":9,"minecraft:wheat_seeds":52,"minecraft:cooked_mutton":3,"minecraft:water_bucket":7,"minecraft:birch_planks":106,"minecraft:tnt":3,"minecraft:crafting_table":4,"minecraft:spruce_log":1,"minecraft:diamond_pickaxe":1132,"minecraft:iron_pickaxe":323,"minecraft:spruce_sapling":1,"minecraft:yellow_wool":1,"minecraft:chiseled_stone_bricks":1,"minecraft:cobblestone":39,"minecraft:bucket":7,"minecraft:dandelion":4,"minecraft:candle":2},"minecraft:custom":{"minecraft:interact_with_crafting_table":86,"minecraft:leave_game":2,"minecraft:time_since_death":14152,"minecraft:sprint_one_cm":490955,"minecraft:damage_blocked_by_shield":1785,"minecraft:drop":56,"minecraft:play_time":275952,"minecraft:deaths":10,"minecraft:jump":1670,"minecraft:interact_with_brewingstand":4,"minecraft:walk_on_water_one_cm":10742,"minecraft:interact_with_furnace":151,"minecraft:sleep_in_bed":1,"minecraft:damage_dealt":9516,"minecraft:crouch_one_cm":48749,"tombstone:undead_killed":4,"minecraft:interact_with_smoker":1,"minecraft:mob_kills":51,"minecraft:climb_one_cm":450,"minecraft:walk_one_cm":772155,"minecraft:sneak_time":16409,"minecraft:walk_under_water_one_cm":1444,"minecraft:total_world_time":275952,"minecraft:time_since_rest":13394,"minecraft:damage_taken":5202,"minecraft:damage_absorbed":40,"minecraft:trigger_trapped_chest":2,"minecraft:fly_one_cm":341317,"minecraft:open_chest":230,"minecraft:fall_one_cm":32860},"minecraft:killed_by":{"minecraft:creeper":1,"twilightforest:death_tome":1,"minecraft:zombie":1,"alexsmobs:grizzly_bear":1,"twilightforest:naga":2,"minecraft:skeleton":1,"iceandfire:ghost":3},"minecraft:dropped":{"minecraft:diamond":1,"minecraft:cracked_stone_bricks":7,"minecraft:mossy_stone_brick_stairs":4,"minecraft:mossy_cobblestone_wall":1,"minecraft:cobblestone_stairs":5,"twilightforest:mossy_nagastone_pillar":5,"twilightforest:cracked_etched_nagastone":3,"minecraft:oak_planks":8,"minecraft:chiseled_stone_bricks":3,"twilightforest:cracked_nagastone_pillar":4,"twilightforest:nagastone_pillar":16,"minecraft:mossy_cobblestone":1,"minecraft:feather":3,"minecraft:cobblestone":53,"twilightforest:etched_nagastone":8,"twilightforest:spiral_bricks":2,"minecraft:melon_slice":25,"mysticsbiomes:lavender":42,"tombstone:grave_dust":1,"minecraft:mossy_cobblestone_stairs":2,"minecraft:sweet_berries":9,"minecraft:stone_sword":1,"minecraft:cobblestone_wall":1,"minecraft:smooth_stone_slab":1,"twilightforest:mossy_etched_nagastone":3,"meadow:fire_lily":2,"minecraft:shield":1,"minecraft:peony":2,"minecraft:mossy_stone_bricks":3,"meadow:alpine_salt":2,"minecraft:spider_eye":3,"minecraft:stone_bricks":4,"minecraft:stone_pickaxe":1},"minecraft:picked_up":{"minecraft:iron_chestplate":5,"minecraft:wheat":21,"minecraft:nether_brick_fence":6,"minecraft:yellow_wool":3,"minecraft:diamond_sword":2,"minecraft:stone_brick_stairs":4,"minecraft:brewing_stand":2,"minecraft:string":12,"minecraft:raw_copper":43,"mysticsbiomes:jacaranda_log":6,"minecraft:smooth_stone_slab":14,"minecraft:iron_leggings":3,"minecraft:beetroot":1,"alexsmobs:blood_sac":1,"minecraft:diamond_leggings":1,"minecraft:gold_nugget":6,"minecraft:smooth_stone":8,"minecraft:cobbled_deepslate":279,"meadow:enzian":3,"minecraft:bucket":1,"minecraft:spruce_planks":3,"minecraft:cobblestone_slab":9,"minecraft:iron_pickaxe":5,"minecraft:melon_slice":193,"minecraft:iron_boots":5,"minecraft:blue_wool":1,"minecraft:stick":104,"minecraft:torch":16,"mysticsbiomes:lavender":239,"minecraft:spruce_stairs":4,"twilightforest:cracked_etched_nagastone":3,"tombstone:grave_dust":2,"minecraft:diorite":46,"minecraft:pointed_dripstone":1,"minecraft:stone_sword":6,"minecraft:rotten_flesh":9,"minecraft:obsidian":14,"minecraft:iron_bars":6,"minecraft:cobblestone":1048,"minecraft:birch_log":73,"minecraft:cooked_beef":4,"minecraft:mossy_cobblestone_slab":16,"minecraft:feather":10,"minecraft:lilac":4,"twilightforest:twilight_oak_log":4,"minecraft:water_bucket":3,"minecraft:andesite":50,"minecraft:brown_wool":3,"alexsmobs:bear_fur":2,"minecraft:flint":3,"twilightforest:mossy_nagastone_pillar":17,"skilltree:gem":6,"minecraft:dirt":394,"minecraft:lapis_lazuli":36,"minecraft:bone":11,"minecraft:wheat_seeds":89,"minecraft:raw_gold":10,"meadow:cobbled_limestone":123,"minecraft:mossy_stone_bricks":24,"minecraft:moss_block":1,"minecraft:oak_planks":70,"minecraft:mossy_stone_brick_stairs":5,"minecraft:nether_brick_stairs":1,"minecraft:mossy_cobblestone":1,"alexsmobs:animal_dictionary":1,"twilightforest:mossy_etched_nagastone":3,"minecraft:iron_hoe":4,"twilightforest:twilight_oak_sapling":4,"minecraft:diamond":53,"minecraft:granite":14,"minecraft:bread":4,"minecraft:emerald":2,"minecraft:oak_sapling":8,"twilightforest:torchberries":2,"minecraft:netherrack":177,"iceandfire:raw_silver":10,"minecraft:diamond_pickaxe":5,"minecraft:coarse_dirt":1,"minecraft:chicken":3,"minecraft:clay_ball":56,"minecraft:redstone_lamp":4,"twilightforest:nagastone":22,"minecraft:shield":5,"meadow:fire_lily":2,"minecraft:iron_axe":6,"minecraft:flint_and_steel":2,"minecraft:iron_shovel":2,"minecraft:cracked_stone_bricks":28,"minecraft:candle":2,"minecraft:mossy_cobblestone_wall":3,"twilightforest:nagastone_head":1,"minecraft:beef":8,"minecraft:poppy":14,"minecraft:minecart":1,"minecraft:sugar_cane":52,"meadow:alpine_salt":2,"minecraft:birch_sapling":25,"minecraft:raw_iron":131,"minecraft:tnt":2,"iceandfire:silver_ingot":3,"minecraft:arrow":21,"minecraft:beetroot_seeds":3,"minecraft:peony":2,"minecraft:nether_bricks":28,"twilightforest:etched_nagastone":18,"minecraft:mutton":5,"minecraft:skeleton_skull":4,"minecraft:leather":5,"mysticsbiomes:jacaranda_sapling":2,"minecraft:oak_log":23,"minecraft:nether_wart_block":3,"minecraft:golden_boots":2,"minecraft:cobblestone_wall":3,"minecraft:cobblestone_stairs":6,"minecraft:paper":14,"minecraft:cooked_mutton":3,"minecraft:apple":1,"minecraft:stone_bricks":45,"minecraft:iron_ingot":49,"minecraft:stone_pickaxe":11,"meadow:eriophorum":8,"minecraft:soul_sand":1,"minecraft:book":3,"minecraft:sweet_berries":56,"twilightforest:nagastone_pillar":20,"minecraft:pumpkin":11,"minecraft:chiseled_stone_bricks":4,"minecraft:quartz":3,"minecraft:dandelion":6,"minecraft:gravel":80,"minecraft:spruce_sapling":6,"twilightforest:cracked_nagastone_pillar":11,"minecraft:spruce_log":31,"minecraft:spider_eye":8,"minecraft:iron_helmet":2,"meadow:alpine_poppy":2,"minecraft:mossy_cobblestone_stairs":2,"minecraft:melon_seeds":4,"twilightforest:spiral_bricks":81,"minecraft:coal":80},"minecraft:mined":{"mysticsbiomes:lavender":44,"minecraft:spruce_planks":3,"meadow:alpine_salt_ore":1,"minecraft:farmland":1,"mysticsbiomes:jacaranda_log":6,"minecraft:brewing_stand":2,"minecraft:obsidian":14,"mysticsbiomes:jacaranda_blossoms":9,"minecraft:granite":15,"minecraft:grass_block":168,"minecraft:spawner":2,"minecraft:smooth_stone":3,"minecraft:iron_ore":58,"minecraft:fire":5,"minecraft:pumpkin":11,"minecraft:nether_brick_stairs":1,"minecraft:iron_bars":5,"minecraft:melon_stem":1,"minecraft:crimson_nylium":3,"minecraft:clay":14,"minecraft:torch":1,"twilightforest:torchberry_plant":2,"twilightforest:spiral_bricks":2,"minecraft:poppy":14,"minecraft:melon":28,"twilightforest:twilight_oak_log":4,"minecraft:nether_quartz_ore":3,"minecraft:cobblestone":11,"minecraft:sugar_cane":33,"minecraft:oak_planks":1,"minecraft:wall_torch":2,"minecraft:deepslate_copper_ore":2,"minecraft:skeleton_skull":1,"minecraft:nether_wart_block":1,"minecraft:birch_log":73,"minecraft:wheat":27,"minecraft:lilac":9,"minecraft:tnt":2,"meadow:limestone":124,"minecraft:stone_brick_stairs":3,"minecraft:grass":77,"minecraft:oak_log":28,"minecraft:beetroots":1,"minecraft:dirt":172,"mysticsbiomes:jacaranda_leaves":8,"minecraft:netherrack":153,"minecraft:oak_leaves":11,"minecraft:deepslate":189,"minecraft:redstone_lamp":1,"minecraft:nether_gold_ore":2,"minecraft:diamond_ore":11,"iceandfire:silver_ore":3,"minecraft:deepslate_diamond_ore":4,"minecraft:nether_bricks":23,"minecraft:weeping_vines":1,"meadow:alpine_emerald_ore":2,"minecraft:spruce_leaves":11,"minecraft:moss_block":1,"minecraft:large_fern":1,"minecraft:spruce_sapling":1,"meadow:fire_lily":1,"minecraft:andesite":48,"twilightforest:twilight_oak_leaves":3,"meadow:eriophorum":3,"minecraft:peony":2,"minecraft:nether_brick_fence":2,"minecraft:deepslate_iron_ore":6,"minecraft:vine":1,"minecraft:stone":609,"minecraft:podzol":3,"minecraft:redstone_block":1,"minecraft:soul_sand":1,"minecraft:dandelion":6,"twilightforest:nagastone":4,"minecraft:tall_grass":21,"minecraft:copper_ore":1,"minecraft:lapis_ore":5,"minecraft:deepslate_gold_ore":7,"minecraft:diorite":43,"minecraft:spruce_stairs":1,"minecraft:coarse_dirt":2,"minecraft:sweet_berry_bush":12,"minecraft:spruce_log":14,"minecraft:birch_leaves":8,"minecraft:coal_ore":24,"meadow:enzian":3,"minecraft:gravel":75,"meadow:alpine_iron_ore":4,"minecraft:cracked_stone_bricks":10,"minecraft:stone_bricks":18,"minecraft:mossy_stone_bricks":1,"minecraft:gold_ore":3,"meadow:alpine_poppy":2},"minecraft:killed":{"minecraft:spider":11,"minecraft:skeleton":3,"minecraft:chicken":3,"alexsmobs:grizzly_bear":1,"minecraft:creeper":1,"alexsmobs:crimson_mosquito":2,"minecraft:zombie":16,"minecraft:cow":5,"alexsmobs:sugar_glider":1,"twilightforest:death_tome":1,"iceandfire:ghost":3,"twilightforest:bighorn_sheep":4},"minecraft:broken":{"minecraft:iron_shovel":1,"minecraft:iron_pickaxe":1},"minecraft:crafted":{"minecraft:oak_planks":116,"minecraft:cooked_chicken":3,"minecraft:cooked_mutton":3,"minecraft:iron_boots":1,"minecraft:melon_seeds":23,"minecraft:chest":12,"minecraft:birch_door":3,"minecraft:golden_boots":1,"minecraft:crafting_table":4,"minecraft:spruce_planks":40,"minecraft:wooden_pickaxe":1,"minecraft:iron_helmet":1,"minecraft:birch_planks":272,"minecraft:charcoal":11,"minecraft:paper":3,"minecraft:book":1,"minecraft:iron_chestplate":2,"minecraft:diamond_pickaxe":2,"minecraft:shield":2,"minecraft:stick":28,"minecraft:iron_ingot":98,"minecraft:iron_pickaxe":3,"minecraft:stone_sword":1,"minecraft:gold_ingot":10,"minecraft:shears":1,"minecraft:furnace":7,"minecraft:bone_meal":9,"minecraft:flint_and_steel":1,"twilightforest:twilight_oak_planks":16,"minecraft:iron_axe":2,"minecraft:iron_hoe":2,"minecraft:stone_pickaxe":4,"mysticsbiomes:jacaranda_planks":24,"minecraft:cooked_beef":7,"minecraft:diamond_sword":1,"minecraft:enchanting_table":1,"minecraft:bucket":1,"minecraft:bread":6,"minecraft:air":0,"minecraft:iron_shovel":1,"minecraft:iron_leggings":1,"minecraft:torch":20}},"DataVersion":3465}