{"stats":{"minecraft:used":{"twilightforest:spiral_bricks":1,"minecraft:iron_shovel":683,"minecraft:poppy":8,"minecraft:chest":20,"minecraft:shield":45,"minecraft:player_head":1,"minecraft:nether_bricks":14,"minecraft:carrot":33,"meadow:cobbled_limestone":93,"minecraft:obsidian":10,"minecraft:birch_sapling":66,"twilightforest:twilight_oak_planks":16,"minecraft:stone_bricks":22,"twilightforest:nagastone":2,"minecraft:sweet_berries":45,"minecraft:furnace":7,"minecraft:oak_sapling":7,"minecraft:skeleton_skull":2,"minecraft:mossy_stone_bricks":8,"minecraft:stone_pickaxe":117,"minecraft:oak_planks":22,"minecraft:wooden_pickaxe":5,"minecraft:diamond_axe":78,"minecraft:sugar_cane":17,"meadow:bench":1,"minecraft:golden_apple":1,"minecraft:blast_furnace":1,"minecraft:cyan_bed":1,"minecraft:bread":14,"minecraft:melon_slice":83,"minecraft:lectern":1,"minecraft:gravel":51,"mysticsbiomes:lavender":22,"minecraft:diamond_sword":276,"twilightforest:mossy_nagastone_pillar":1,"minecraft:smooth_stone_slab":10,"minecraft:bone_meal":25,"minecraft:enchanting_table":1,"minecraft:iron_bars":3,"minecraft:stone_sword":12,"minecraft:flint_and_steel":1,"minecraft:armor_stand":1,"minecraft:cooked_chicken":3,"minecraft:netherrack":71,"minecraft:torch":28,"minecraft:brewing_stand":2,"minecraft:dirt":332,"minecraft:anvil":1,"minecraft:birch_door":2,"minecraft:iron_hoe":205,"minecraft:bookshelf":14,"minecraft:iron_axe":502,"minecraft:melon_seeds":24,"tombstone:gift":2,"minecraft:cooked_beef":9,"minecraft:cobbled_deepslate":120,"minecraft:light_gray_bed":1,"minecraft:iron_leggings":1,"minecraft:wheat_seeds":123,"minecraft:cooked_mutton":3,"minecraft:water_bucket":13,"minecraft:birch_planks":512,"minecraft:cartography_table":1,"minecraft:tnt":3,"minecraft:crafting_table":4,"meadow:straw_bed":1,"minecraft:cake":1,"minecraft:spruce_log":1,"minecraft:diamond_pickaxe":1501,"minecraft:iron_pickaxe":323,"minecraft:spruce_sapling":1,"minecraft:yellow_wool":1,"minecraft:chiseled_stone_bricks":1,"minecraft:cobblestone":39,"minecraft:potion":1,"farmersdelight:egg_sandwich":1,"minecraft:bucket":13,"minecraft:pumpkin_pie":1,"minecraft:dandelion":4,"minecraft:candle":2,"minecraft:birch_stairs":11},"minecraft:custom":{"minecraft:interact_with_crafting_table":107,"minecraft:open_barrel":7,"minecraft:eat_cake_slice":2,"minecraft:leave_game":2,"minecraft:time_since_death":16662,"minecraft:sprint_one_cm":658476,"minecraft:damage_blocked_by_shield":2610,"minecraft:drop":69,"minecraft:play_time":377952,"minecraft:deaths":15,"minecraft:jump":2290,"minecraft:interact_with_brewingstand":4,"minecraft:walk_on_water_one_cm":11362,"minecraft:interact_with_furnace":159,"minecraft:interact_with_cartography_table":3,"minecraft:sleep_in_bed":4,"minecraft:damage_dealt":14499,"minecraft:player_kills":1,"minecraft:crouch_one_cm":77346,"tombstone:undead_killed":26,"minecraft:interact_with_smoker":3,"minecraft:interact_with_anvil":4,"minecraft:mob_kills":76,"minecraft:climb_one_cm":2142,"minecraft:walk_one_cm":1153940,"minecraft:sneak_time":22033,"minecraft:walk_under_water_one_cm":2150,"minecraft:interact_with_blast_furnace":1,"minecraft:total_world_time":377952,"minecraft:time_since_rest":11599,"minecraft:damage_taken":7208,"minecraft:damage_absorbed":40,"minecraft:trigger_trapped_chest":2,"minecraft:fly_one_cm":393742,"minecraft:open_chest":363,"minecraft:fall_one_cm":42545},"minecraft:killed_by":{"minecraft:creeper":2,"twilightforest:death_tome":2,"minecraft:zombie":2,"alexsmobs:grizzly_bear":1,"minecraft:husk":1,"twilightforest:naga":2,"minecraft:skeleton":2,"iceandfire:ghost":3},"minecraft:dropped":{"minecraft:birch_planks":6,"minecraft:diamond":1,"minecraft:cracked_stone_bricks":7,"minecraft:mossy_stone_brick_stairs":4,"minecraft:mossy_cobblestone_wall":1,"minecraft:cobblestone_stairs":5,"twilightforest:mossy_nagastone_pillar":5,"twilightforest:cracked_etched_nagastone":3,"meadow:eriophorum":2,"minecraft:soul_lantern":1,"tombstone:gift":1,"minecraft:oak_planks":8,"minecraft:chiseled_stone_bricks":3,"minecraft:leather_chestplate":1,"twilightforest:cracked_nagastone_pillar":4,"minecraft:azalea":1,"minecraft:leather_leggings":1,"twilightforest:nagastone_pillar":16,"minecraft:mossy_cobblestone":1,"minecraft:smooth_quartz_stairs":2,"minecraft:feather":4,"minecraft:cobblestone":53,"twilightforest:etched_nagastone":8,"twilightforest:spiral_bricks":2,"minecraft:melon_slice":25,"mysticsbiomes:lavender":45,"tombstone:grave_dust":3,"minecraft:mossy_cobblestone_stairs":2,"minecraft:spruce_sapling":5,"minecraft:sweet_berries":9,"minecraft:stone_sword":1,"minecraft:cobblestone_wall":1,"minecraft:smooth_stone_slab":1,"twilightforest:mossy_etched_nagastone":3,"meadow:fire_lily":2,"minecraft:shield":1,"minecraft:peony":2,"minecraft:mossy_stone_bricks":3,"meadow:alpine_salt":2,"minecraft:spider_eye":3,"minecraft:stone_bricks":4,"minecraft:stone_pickaxe":1,"minecraft:cyan_bed":1},"minecraft:picked_up":{"minecraft:iron_chestplate":5,"minecraft:wheat":43,"minecraft:chainmail_boots":1,"minecraft:nether_brick_fence":6,"minecraft:anvil":1,"minecraft:yellow_wool":3,"minecraft:diamond_sword":2,"minecraft:enchanted_book":1,"minecraft:stone_brick_stairs":4,"minecraft:brewing_stand":2,"minecraft:polished_deepslate_wall":1,"minecraft:polished_deepslate":2,"minecraft:string":12,"minecraft:raw_copper":43,"mysticsbiomes:jacaranda_log":6,"minecraft:smooth_stone_slab":18,"minecraft:red_nether_bricks":18,"minecraft:iron_leggings":3,"minecraft:armor_stand":1,"minecraft:beetroot":1,"alexsmobs:blood_sac":1,"minecraft:diamond_leggings":1,"minecraft:gold_nugget":68,"minecraft:smooth_stone":8,"minecraft:cobbled_deepslate":283,"meadow:enzian":7,"minecraft:bucket":1,"minecraft:spruce_planks":3,"minecraft:rose_bush":1,"minecraft:cobblestone_slab":9,"minecraft:calcite":7,"minecraft:azalea":1,"minecraft:iron_pickaxe":5,"minecraft:melon_slice":294,"minecraft:smooth_quartz_stairs":2,"minecraft:iron_boots":5,"minecraft:blue_wool":1,"minecraft:stick":137,"minecraft:torch":17,"mysticsbiomes:lavender":250,"minecraft:spruce_stairs":4,"twilightforest:cracked_etched_nagastone":3,"tombstone:grave_dust":4,"minecraft:diorite":47,"minecraft:pointed_dripstone":1,"minecraft:stone_sword":6,"minecraft:light_gray_bed":1,"minecraft:rotten_flesh":22,"minecraft:obsidian":14,"minecraft:iron_bars":7,"minecraft:cobblestone":1051,"minecraft:birch_log":228,"minecraft:leather_chestplate":1,"minecraft:cooked_beef":4,"minecraft:mossy_cobblestone_slab":16,"minecraft:feather":11,"minecraft:lilac":4,"twilightforest:twilight_oak_log":4,"minecraft:water_bucket":3,"minecraft:andesite":51,"minecraft:brown_wool":3,"alexsmobs:bear_fur":2,"minecraft:flint":3,"twilightforest:mossy_nagastone_pillar":17,"skilltree:gem":6,"minecraft:dirt":682,"minecraft:lapis_lazuli":36,"minecraft:bone":19,"minecraft:wheat_seeds":147,"minecraft:raw_gold":10,"farmersdelight:egg_sandwich":1,"meadow:cobbled_limestone":382,"minecraft:diamond_helmet":1,"minecraft:mossy_stone_bricks":24,"minecraft:moss_block":1,"minecraft:oak_planks":71,"minecraft:mossy_stone_brick_stairs":5,"minecraft:nether_brick_stairs":1,"meadow:bench":1,"minecraft:cyan_bed":2,"minecraft:mossy_cobblestone":1,"alexsmobs:animal_dictionary":1,"twilightforest:mossy_etched_nagastone":3,"minecraft:iron_hoe":4,"twilightforest:twilight_oak_sapling":4,"minecraft:diamond":53,"minecraft:soul_lantern":1,"meadow:pine_fence_gate":3,"minecraft:granite":14,"minecraft:golden_apple":2,"minecraft:rooted_dirt":2,"minecraft:bread":4,"minecraft:emerald":2,"minecraft:oak_sapling":11,"twilightforest:torchberries":2,"minecraft:netherrack":180,"iceandfire:raw_silver":10,"minecraft:diamond_pickaxe":5,"minecraft:coarse_dirt":30,"minecraft:leather_leggings":1,"minecraft:chicken":4,"minecraft:clay_ball":56,"minecraft:redstone_lamp":4,"meadow:mossy_cobbled_limestone":4,"twilightforest:nagastone":22,"minecraft:shield":5,"meadow:fire_lily":2,"minecraft:iron_axe":6,"minecraft:flint_and_steel":2,"meadow:pine_fence":6,"minecraft:iron_shovel":2,"minecraft:cracked_stone_bricks":31,"minecraft:cartography_table":1,"minecraft:candle":4,"minecraft:mossy_cobblestone_wall":3,"twilightforest:nagastone_head":1,"minecraft:beef":8,"alexsmobs:elastic_tendon":2,"minecraft:player_head":1,"minecraft:poppy":14,"minecraft:lectern":1,"minecraft:minecart":1,"minecraft:sugar_cane":66,"meadow:alpine_salt":8,"minecraft:birch_sapling":66,"minecraft:raw_iron":141,"minecraft:stripped_mangrove_wood":2,"meadow:wooden_cauldron":1,"minecraft:carrot":27,"minecraft:tnt":2,"iceandfire:silver_ingot":3,"minecraft:arrow":31,"minecraft:beetroot_seeds":3,"minecraft:peony":3,"minecraft:nether_bricks":28,"twilightforest:etched_nagastone":18,"meadow:straw_bed":1,"minecraft:hay_block":7,"tombstone:essence_of_undeath":1,"minecraft:mutton":5,"minecraft:skeleton_skull":5,"minecraft:leather":5,"minecraft:birch_planks":10,"mysticsbiomes:jacaranda_sapling":2,"minecraft:oak_log":30,"meadow:fire_log":5,"minecraft:nether_wart_block":3,"minecraft:golden_boots":2,"minecraft:cobblestone_wall":3,"minecraft:cobblestone_stairs":6,"minecraft:paper":24,"minecraft:cooked_mutton":3,"minecraft:apple":1,"minecraft:stone_bricks":51,"minecraft:iron_ingot":49,"minecraft:stone_pickaxe":11,"meadow:eriophorum":11,"minecraft:soul_sand":1,"minecraft:book":153,"minecraft:sweet_berries":79,"twilightforest:nagastone_pillar":20,"minecraft:pumpkin":11,"minecraft:chiseled_stone_bricks":4,"minecraft:quartz":3,"minecraft:dandelion":6,"minecraft:gravel":80,"minecraft:blast_furnace":1,"minecraft:spruce_sapling":11,"twilightforest:cracked_nagastone_pillar":11,"minecraft:spruce_log":33,"minecraft:spider_eye":8,"minecraft:iron_helmet":2,"meadow:alpine_poppy":3,"minecraft:mossy_cobblestone_stairs":2,"minecraft:melon_seeds":4,"twilightforest:spiral_bricks":81,"minecraft:coal":80},"minecraft:mined":{"mysticsbiomes:lavender":48,"minecraft:spruce_planks":3,"meadow:alpine_salt_ore":1,"minecraft:farmland":1,"mysticsbiomes:jacaranda_log":6,"minecraft:red_nether_bricks":12,"minecraft:brewing_stand":2,"minecraft:obsidian":14,"mysticsbiomes:jacaranda_blossoms":10,"minecraft:granite":15,"minecraft:grass_block":381,"minecraft:light_gray_bed":1,"minecraft:spawner":5,"minecraft:smooth_stone":3,"minecraft:cobbled_deepslate":4,"minecraft:iron_ore":58,"minecraft:fire":5,"minecraft:pumpkin":11,"minecraft:anvil":1,"minecraft:nether_brick_stairs":1,"meadow:fire_log":2,"minecraft:iron_bars":6,"minecraft:stripped_mangrove_wood":2,"minecraft:player_head":1,"meadow:straw_bed":1,"minecraft:melon_stem":1,"minecraft:crimson_nylium":3,"minecraft:clay":14,"minecraft:torch":1,"twilightforest:torchberry_plant":2,"twilightforest:spiral_bricks":2,"minecraft:blast_furnace":1,"minecraft:calcite":9,"minecraft:poppy":14,"minecraft:melon":47,"twilightforest:twilight_oak_log":4,"minecraft:nether_quartz_ore":3,"minecraft:cobblestone":14,"minecraft:cyan_bed":2,"minecraft:sugar_cane":45,"minecraft:oak_planks":2,"meadow:pine_fence_gate":4,"minecraft:wall_torch":2,"minecraft:deepslate_copper_ore":2,"minecraft:skeleton_skull":2,"meadow:mossy_cobbled_limestone":4,"minecraft:nether_wart_block":1,"minecraft:birch_log":232,"minecraft:wheat":49,"minecraft:lilac":9,"minecraft:tnt":2,"minecraft:smooth_stone_slab":3,"meadow:limestone":394,"minecraft:stone_brick_stairs":3,"minecraft:grass":84,"minecraft:oak_log":35,"minecraft:beetroots":1,"minecraft:dirt":260,"mysticsbiomes:jacaranda_leaves":8,"minecraft:netherrack":156,"minecraft:polished_deepslate_wall":1,"minecraft:oak_leaves":15,"minecraft:deepslate":189,"minecraft:redstone_lamp":1,"minecraft:nether_gold_ore":2,"minecraft:diamond_ore":11,"meadow:small_fir":1,"iceandfire:silver_ore":3,"meadow:bench":1,"minecraft:deepslate_diamond_ore":4,"minecraft:candle":1,"minecraft:nether_bricks":23,"minecraft:weeping_vines":1,"meadow:alpine_emerald_ore":2,"minecraft:spruce_leaves":13,"minecraft:cartography_table":1,"minecraft:moss_block":1,"minecraft:rooted_dirt":2,"minecraft:large_fern":1,"minecraft:hay_block":7,"minecraft:spruce_sapling":1,"minecraft:carrots":7,"meadow:fire_lily":1,"minecraft:andesite":49,"twilightforest:twilight_oak_leaves":3,"meadow:eriophorum":4,"minecraft:peony":3,"minecraft:nether_brick_fence":2,"minecraft:polished_deepslate":2,"minecraft:bookshelf":51,"minecraft:deepslate_iron_ore":6,"minecraft:vine":1,"minecraft:smooth_quartz_stairs":2,"minecraft:stone":609,"minecraft:podzol":13,"meadow:wooden_cauldron":1,"minecraft:redstone_block":1,"minecraft:soul_sand":1,"minecraft:dandelion":6,"minecraft:rose_bush":1,"minecraft:lectern":1,"twilightforest:nagastone":4,"minecraft:tall_grass":21,"minecraft:copper_ore":1,"minecraft:lapis_ore":5,"minecraft:deepslate_gold_ore":7,"meadow:pine_fence":6,"minecraft:diorite":44,"minecraft:spruce_stairs":1,"minecraft:birch_planks":7,"minecraft:coarse_dirt":34,"minecraft:sweet_berry_bush":12,"minecraft:spruce_log":15,"minecraft:birch_leaves":8,"minecraft:coal_ore":24,"meadow:enzian":3,"minecraft:gravel":75,"meadow:cobbled_limestone":19,"meadow:alpine_iron_ore":4,"minecraft:cracked_stone_bricks":13,"minecraft:stone_bricks":25,"minecraft:mossy_stone_bricks":3,"minecraft:gold_ore":3,"meadow:alpine_poppy":2,"minecraft:fern":1},"minecraft:killed":{"minecraft:spider":11,"alexsmobs:murmur":1,"minecraft:skeleton":12,"minecraft:chicken":4,"alexsmobs:grizzly_bear":1,"minecraft:creeper":1,"alexsmobs:crimson_mosquito":2,"minecraft:zombie":24,"minecraft:cow":5,"alexsmobs:sugar_glider":1,"twilightforest:death_tome":2,"minecraft:husk":4,"iceandfire:ghost":3,"twilightforest:bighorn_sheep":4},"minecraft:broken":{"minecraft:iron_shovel":2,"minecraft:diamond_pickaxe":1,"minecraft:shield":1,"minecraft:iron_axe":1,"minecraft:iron_pickaxe":1},"minecraft:crafted":{"minecraft:oak_planks":116,"minecraft:cooked_chicken":4,"minecraft:bookshelf":14,"minecraft:cooked_mutton":3,"minecraft:diamond_leggings":1,"minecraft:iron_boots":1,"minecraft:melon_seeds":23,"minecraft:chest":20,"minecraft:birch_door":3,"minecraft:golden_boots":1,"minecraft:diamond_axe":1,"minecraft:crafting_table":4,"minecraft:spruce_planks":40,"minecraft:wooden_pickaxe":1,"minecraft:iron_helmet":1,"minecraft:birch_planks":804,"minecraft:charcoal":11,"minecraft:paper":3,"minecraft:book":1,"minecraft:iron_chestplate":3,"minecraft:diamond_pickaxe":3,"minecraft:shield":2,"minecraft:stick":28,"minecraft:iron_ingot":148,"minecraft:iron_pickaxe":3,"minecraft:iron_block":7,"minecraft:stone_sword":1,"minecraft:gold_ingot":10,"minecraft:birch_stairs":40,"minecraft:shears":1,"minecraft:furnace":7,"minecraft:bone_meal":30,"minecraft:flint_and_steel":1,"twilightforest:twilight_oak_planks":16,"minecraft:iron_axe":2,"minecraft:iron_hoe":3,"minecraft:stone_pickaxe":4,"mysticsbiomes:jacaranda_planks":24,"minecraft:wheat":63,"minecraft:cooked_beef":7,"minecraft:diamond_sword":1,"minecraft:enchanting_table":1,"minecraft:bucket":2,"minecraft:bread":27,"minecraft:air":0,"minecraft:iron_shovel":2,"minecraft:iron_leggings":1,"minecraft:anvil":1,"minecraft:torch":20}},"DataVersion":3465}