{"stats":{"minecraft:used":{"twilightforest:spiral_bricks":1,"minecraft:iron_shovel":765,"minecraft:poppy":8,"minecraft:chest":31,"minecraft:shield":62,"minecraft:nether_wart":17,"minecraft:player_head":1,"minecraft:soul_sand":16,"minecraft:nether_bricks":58,"minecraft:carrot":33,"meadow:cobbled_limestone":93,"minecraft:obsidian":10,"minecraft:birch_sapling":66,"twilightforest:twilight_oak_planks":16,"minecraft:stone_bricks":22,"twilightforest:nagastone":2,"minecraft:sweet_berries":45,"minecraft:oak_sapling":7,"minecraft:furnace":7,"minecraft:skeleton_skull":2,"minecraft:mossy_stone_bricks":8,"minecraft:stone_pickaxe":117,"minecraft:oak_planks":23,"minecraft:wooden_pickaxe":5,"minecraft:sugar_cane":17,"minecraft:diamond_axe":233,"meadow:bench":1,"minecraft:golden_apple":4,"minecraft:blast_furnace":1,"minecraft:melon_slice":91,"minecraft:bread":35,"minecraft:cyan_bed":1,"minecraft:lectern":1,"minecraft:gravel":51,"mysticsbiomes:lavender":22,"minecraft:diamond_sword":553,"twilightforest:mossy_nagastone_pillar":1,"minecraft:smooth_stone_slab":10,"minecraft:bone_meal":25,"minecraft:iron_bars":3,"minecraft:stone_sword":12,"minecraft:enchanting_table":1,"minecraft:flint_and_steel":1,"minecraft:armor_stand":1,"minecraft:cooked_chicken":4,"minecraft:netherrack":71,"minecraft:torch":79,"minecraft:brewing_stand":4,"minecraft:dirt":332,"minecraft:anvil":2,"minecraft:hopper":35,"minecraft:golden_chestplate":1,"minecraft:nether_brick_stairs":1,"minecraft:birch_door":2,"minecraft:iron_hoe":205,"minecraft:bookshelf":14,"minecraft:iron_axe":502,"minecraft:melon_seeds":24,"tombstone:gift":4,"minecraft:cooked_beef":9,"minecraft:cobbled_deepslate":225,"minecraft:light_gray_bed":1,"minecraft:iron_leggings":1,"minecraft:wheat_seeds":199,"minecraft:cooked_mutton":3,"minecraft:water_bucket":30,"minecraft:birch_planks":514,"minecraft:cartography_table":1,"minecraft:tnt":3,"minecraft:crafting_table":6,"minecraft:campfire":18,"meadow:straw_bed":1,"minecraft:cake":1,"minecraft:spruce_log":1,"meadow:fire_log":4,"tombstone:bag_of_seeds":2,"minecraft:diamond_pickaxe":2412,"minecraft:iron_pickaxe":323,"tombstone:magic_scroll":1,"minecraft:spruce_sapling":1,"minecraft:yellow_wool":1,"minecraft:chiseled_stone_bricks":1,"minecraft:cobblestone":103,"minecraft:potion":1,"minecraft:cobbled_deepslate_slab":56,"farmersdelight:egg_sandwich":1,"minecraft:bucket":31,"minecraft:pumpkin_pie":7,"minecraft:dandelion":4,"minecraft:birch_stairs":11,"minecraft:candle":2},"minecraft:custom":{"minecraft:interact_with_crafting_table":116,"minecraft:open_barrel":11,"minecraft:eat_cake_slice":2,"minecraft:leave_game":5,"minecraft:time_since_death":132573,"minecraft:sprint_one_cm":786041,"minecraft:damage_blocked_by_shield":3870,"minecraft:drop":75,"minecraft:play_time":493863,"minecraft:deaths":15,"minecraft:jump":2937,"minecraft:interact_with_brewingstand":5,"minecraft:walk_on_water_one_cm":41021,"minecraft:enchant_item":1,"minecraft:interact_with_furnace":173,"minecraft:interact_with_cartography_table":4,"minecraft:sleep_in_bed":4,"minecraft:damage_dealt":22922,"minecraft:player_kills":1,"minecraft:crouch_one_cm":85700,"tombstone:undead_killed":63,"minecraft:interact_with_smoker":4,"minecraft:interact_with_anvil":5,"minecraft:mob_kills":133,"minecraft:inspect_hopper":24,"minecraft:climb_one_cm":2142,"minecraft:walk_one_cm":1554642,"minecraft:sneak_time":27852,"minecraft:walk_under_water_one_cm":3289,"minecraft:interact_with_blast_furnace":1,"minecraft:total_world_time":493863,"minecraft:time_since_rest":127510,"minecraft:damage_taken":9226,"minecraft:damage_absorbed":120,"minecraft:trigger_trapped_chest":2,"minecraft:fly_one_cm":417650,"minecraft:open_chest":493,"minecraft:fall_one_cm":55836},"minecraft:killed_by":{"minecraft:creeper":2,"twilightforest:death_tome":2,"minecraft:zombie":2,"alexsmobs:grizzly_bear":1,"minecraft:husk":1,"twilightforest:naga":2,"minecraft:skeleton":2,"iceandfire:ghost":3},"minecraft:dropped":{"minecraft:birch_planks":13,"minecraft:diamond":1,"minecraft:mossy_stone_brick_stairs":4,"minecraft:cracked_stone_bricks":7,"minecraft:mossy_cobblestone_wall":1,"farmersdelight:rice":3,"minecraft:cobblestone_stairs":5,"twilightforest:mossy_nagastone_pillar":5,"twilightforest:cracked_etched_nagastone":3,"meadow:eriophorum":2,"minecraft:bone":4,"minecraft:golden_chestplate":1,"tombstone:gift":1,"minecraft:soul_lantern":1,"minecraft:oak_planks":8,"minecraft:chiseled_stone_bricks":3,"minecraft:leather_chestplate":1,"twilightforest:cracked_nagastone_pillar":4,"minecraft:azalea":1,"minecraft:leather_leggings":1,"twilightforest:nagastone_pillar":16,"minecraft:mossy_cobblestone":1,"minecraft:smooth_quartz_stairs":2,"minecraft:feather":4,"minecraft:cobblestone":53,"twilightforest:etched_nagastone":8,"twilightforest:spiral_bricks":2,"minecraft:melon_slice":25,"mysticsbiomes:lavender":45,"tombstone:grave_dust":6,"minecraft:mossy_cobblestone_stairs":2,"minecraft:spruce_sapling":5,"minecraft:sweet_berries":9,"minecraft:stone_sword":1,"minecraft:cobblestone_wall":1,"minecraft:smooth_stone_slab":1,"twilightforest:mossy_etched_nagastone":3,"meadow:cobbled_limestone":5,"meadow:fire_lily":2,"minecraft:shield":1,"minecraft:peony":2,"minecraft:mossy_stone_bricks":3,"meadow:alpine_salt":2,"minecraft:stone_bricks":4,"minecraft:spider_eye":3,"minecraft:stone_pickaxe":1,"minecraft:cyan_bed":1},"minecraft:picked_up":{"minecraft:iron_chestplate":5,"minecraft:wheat":107,"minecraft:chainmail_boots":1,"minecraft:nether_brick_fence":11,"minecraft:anvil":1,"minecraft:yellow_wool":3,"minecraft:diamond_sword":2,"minecraft:enchanted_book":1,"minecraft:stone_brick_stairs":4,"minecraft:brewing_stand":4,"minecraft:polished_deepslate_wall":1,"minecraft:polished_deepslate":2,"minecraft:string":17,"minecraft:raw_copper":43,"mysticsbiomes:jacaranda_log":6,"minecraft:smooth_stone_slab":18,"minecraft:red_nether_bricks":18,"minecraft:iron_leggings":3,"minecraft:armor_stand":1,"minecraft:beetroot":1,"minecraft:smooth_stone":8,"alexsmobs:blood_sac":2,"minecraft:diamond_leggings":1,"minecraft:gold_nugget":68,"minecraft:cobbled_deepslate":716,"meadow:enzian":7,"minecraft:bucket":1,"minecraft:spruce_planks":3,"minecraft:rose_bush":1,"minecraft:cobblestone_slab":9,"minecraft:calcite":7,"minecraft:azalea":1,"minecraft:iron_pickaxe":6,"minecraft:melon_slice":294,"minecraft:smooth_quartz_stairs":2,"minecraft:iron_boots":5,"minecraft:blue_wool":1,"minecraft:stick":149,"mysticsbiomes:lavender":251,"minecraft:torch":25,"minecraft:spruce_stairs":4,"twilightforest:cracked_etched_nagastone":3,"minecraft:pointed_dripstone":1,"tombstone:grave_dust":10,"minecraft:diorite":47,"minecraft:stone_sword":6,"minecraft:light_gray_bed":1,"minecraft:rotten_flesh":40,"minecraft:blaze_rod":2,"minecraft:obsidian":14,"minecraft:iron_bars":7,"minecraft:cobblestone":1212,"minecraft:birch_log":329,"minecraft:mossy_cobblestone_slab":16,"minecraft:leather_chestplate":1,"minecraft:lilac":4,"minecraft:feather":11,"minecraft:cooked_beef":4,"minecraft:magma_cream":1,"twilightforest:twilight_oak_log":4,"minecraft:water_bucket":3,"minecraft:andesite":51,"minecraft:brown_wool":3,"alexsmobs:bear_fur":2,"minecraft:flint":5,"minecraft:tuff":24,"twilightforest:mossy_nagastone_pillar":17,"skilltree:gem":6,"minecraft:lapis_lazuli":36,"minecraft:dirt":725,"minecraft:name_tag":2,"minecraft:leather_boots":1,"minecraft:bone":34,"minecraft:bow":2,"minecraft:wheat_seeds":314,"minecraft:raw_gold":13,"minecraft:cobbled_deepslate_slab":10,"meadow:cobbled_limestone":515,"farmersdelight:egg_sandwich":1,"minecraft:mossy_stone_bricks":24,"minecraft:diamond_helmet":1,"minecraft:moss_block":1,"minecraft:oak_planks":75,"minecraft:mossy_stone_brick_stairs":5,"minecraft:nether_brick_stairs":2,"minecraft:cyan_bed":2,"meadow:bench":1,"alexsmobs:animal_dictionary":1,"minecraft:mossy_cobblestone":14,"twilightforest:mossy_etched_nagastone":3,"minecraft:iron_hoe":4,"twilightforest:twilight_oak_sapling":4,"minecraft:diamond":53,"minecraft:soul_lantern":1,"meadow:pine_fence_gate":3,"minecraft:granite":32,"minecraft:golden_apple":3,"minecraft:emerald":2,"minecraft:bread":5,"minecraft:rooted_dirt":5,"minecraft:oak_sapling":11,"minecraft:netherrack":181,"twilightforest:torchberries":2,"iceandfire:raw_silver":10,"minecraft:diamond_pickaxe":5,"minecraft:coarse_dirt":35,"minecraft:chicken":4,"iceandfire:witherbone":4,"minecraft:nether_wart":30,"minecraft:clay_ball":56,"minecraft:leather_leggings":1,"minecraft:redstone_lamp":4,"meadow:mossy_cobbled_limestone":4,"twilightforest:nagastone":22,"minecraft:shield":5,"meadow:fire_lily":2,"minecraft:iron_axe":6,"minecraft:flint_and_steel":2,"meadow:pine_fence":6,"minecraft:iron_shovel":2,"minecraft:cracked_stone_bricks":31,"minecraft:cartography_table":1,"minecraft:candle":4,"minecraft:mossy_cobblestone_wall":3,"twilightforest:nagastone_head":1,"minecraft:beef":8,"alexsmobs:elastic_tendon":2,"minecraft:player_head":1,"minecraft:poppy":14,"minecraft:lectern":1,"minecraft:minecart":1,"meadow:alpine_salt":9,"minecraft:sugar_cane":108,"minecraft:chest":3,"minecraft:birch_sapling":90,"minecraft:raw_iron":147,"minecraft:stripped_mangrove_wood":2,"meadow:wooden_cauldron":1,"minecraft:redstone":27,"minecraft:carrot":27,"minecraft:tnt":2,"iceandfire:silver_ingot":3,"minecraft:arrow":35,"minecraft:beetroot_seeds":3,"twilightforest:etched_nagastone":18,"minecraft:peony":3,"minecraft:nether_bricks":72,"minecraft:hay_block":7,"meadow:straw_bed":1,"tombstone:essence_of_undeath":1,"minecraft:gold_ingot":6,"minecraft:mutton":5,"minecraft:skeleton_skull":5,"minecraft:leather":5,"minecraft:birch_planks":11,"mysticsbiomes:jacaranda_sapling":2,"minecraft:oak_log":34,"minecraft:gunpowder":14,"minecraft:golden_boots":2,"meadow:fire_log":6,"minecraft:nether_wart_block":3,"minecraft:cobblestone_wall":3,"minecraft:cobblestone_stairs":6,"minecraft:paper":24,"minecraft:cooked_mutton":3,"minecraft:apple":1,"minecraft:stone_bricks":51,"minecraft:iron_ingot":49,"minecraft:stone_pickaxe":11,"meadow:eriophorum":11,"minecraft:soul_sand":21,"minecraft:book":153,"netherdungeons:hoglin_leg":3,"twilightforest:nagastone_pillar":20,"minecraft:sweet_berries":79,"minecraft:pumpkin":11,"minecraft:chiseled_stone_bricks":4,"minecraft:quartz":3,"minecraft:dandelion":6,"minecraft:gravel":96,"minecraft:spruce_sapling":11,"twilightforest:cracked_nagastone_pillar":11,"minecraft:blast_furnace":1,"minecraft:spruce_log":33,"minecraft:spider_eye":8,"minecraft:pumpkin_seeds":4,"minecraft:iron_helmet":2,"meadow:alpine_poppy":3,"minecraft:mossy_cobblestone_stairs":2,"minecraft:melon_seeds":4,"tombstone:magic_scroll":1,"twilightforest:spiral_bricks":81,"minecraft:coal":119,"minecraft:hopper":16},"minecraft:mined":{"mysticsbiomes:lavender":49,"minecraft:spruce_planks":3,"meadow:alpine_salt_ore":2,"minecraft:farmland":1,"mysticsbiomes:jacaranda_log":6,"minecraft:red_nether_bricks":12,"minecraft:brewing_stand":4,"minecraft:obsidian":14,"mysticsbiomes:jacaranda_blossoms":10,"minecraft:granite":33,"minecraft:grass_block":391,"minecraft:light_gray_bed":1,"minecraft:hopper":18,"minecraft:nether_wart":21,"minecraft:spawner":5,"minecraft:smooth_stone":3,"minecraft:weeping_vines_plant":1,"minecraft:iron_ore":58,"minecraft:cobbled_deepslate":32,"minecraft:fire":5,"minecraft:pumpkin":11,"minecraft:anvil":1,"minecraft:nether_brick_stairs":2,"meadow:fire_log":3,"minecraft:iron_bars":6,"minecraft:stripped_mangrove_wood":2,"minecraft:player_head":1,"meadow:straw_bed":1,"minecraft:melon_stem":1,"minecraft:crimson_nylium":3,"minecraft:clay":14,"minecraft:torch":1,"twilightforest:torchberry_plant":2,"twilightforest:spiral_bricks":2,"minecraft:blast_furnace":1,"minecraft:calcite":9,"minecraft:poppy":14,"minecraft:melon":47,"minecraft:chest":2,"twilightforest:twilight_oak_log":4,"minecraft:nether_quartz_ore":3,"minecraft:cobblestone":84,"minecraft:cyan_bed":2,"minecraft:oak_planks":6,"minecraft:sugar_cane":74,"meadow:pine_fence_gate":4,"minecraft:wall_torch":6,"minecraft:deepslate_copper_ore":2,"minecraft:skeleton_skull":2,"meadow:mossy_cobbled_limestone":4,"minecraft:nether_wart_block":1,"minecraft:birch_log":333,"minecraft:wheat":119,"minecraft:lilac":9,"minecraft:tnt":2,"meadow:limestone":544,"minecraft:smooth_stone_slab":3,"minecraft:stone_brick_stairs":3,"minecraft:grass":89,"minecraft:oak_log":40,"minecraft:beetroots":1,"minecraft:dirt":288,"mysticsbiomes:jacaranda_leaves":8,"minecraft:netherrack":157,"minecraft:deepslate":603,"minecraft:polished_deepslate_wall":1,"minecraft:oak_leaves":15,"minecraft:redstone_lamp":1,"minecraft:nether_gold_ore":2,"minecraft:diamond_ore":11,"minecraft:tuff":24,"meadow:small_fir":1,"iceandfire:silver_ore":3,"minecraft:mossy_cobblestone":13,"minecraft:deepslate_diamond_ore":4,"minecraft:candle":1,"meadow:bench":1,"minecraft:cobbled_deepslate_slab":8,"minecraft:nether_bricks":69,"minecraft:weeping_vines":1,"meadow:alpine_emerald_ore":2,"minecraft:spruce_leaves":13,"minecraft:rooted_dirt":5,"minecraft:cartography_table":1,"minecraft:moss_block":1,"minecraft:large_fern":1,"minecraft:hay_block":7,"minecraft:spruce_sapling":1,"minecraft:carrots":7,"minecraft:andesite":49,"meadow:fire_lily":1,"twilightforest:twilight_oak_leaves":3,"meadow:eriophorum":4,"minecraft:peony":3,"minecraft:nether_brick_fence":7,"minecraft:polished_deepslate":2,"minecraft:bookshelf":51,"minecraft:deepslate_iron_ore":6,"minecraft:vine":1,"minecraft:smooth_quartz_stairs":2,"minecraft:stone":707,"minecraft:podzol":16,"meadow:wooden_cauldron":1,"minecraft:redstone_block":1,"minecraft:soul_sand":21,"minecraft:dandelion":6,"minecraft:rose_bush":1,"minecraft:campfire":18,"minecraft:lectern":1,"minecraft:copper_ore":1,"minecraft:tall_grass":21,"twilightforest:nagastone":4,"minecraft:lapis_ore":5,"minecraft:deepslate_gold_ore":7,"meadow:pine_fence":6,"minecraft:diorite":44,"minecraft:spruce_stairs":1,"minecraft:birch_planks":8,"minecraft:coarse_dirt":38,"minecraft:sweet_berry_bush":12,"minecraft:birch_leaves":9,"minecraft:spruce_log":15,"minecraft:coal_ore":25,"meadow:enzian":3,"minecraft:gravel":93,"minecraft:dripstone_block":1,"meadow:cobbled_limestone":19,"meadow:alpine_iron_ore":4,"minecraft:cracked_stone_bricks":13,"minecraft:stone_bricks":25,"minecraft:mossy_stone_bricks":3,"minecraft:gold_ore":3,"meadow:alpine_poppy":2,"minecraft:fern":1},"minecraft:killed":{"minecraft:spider":15,"alexsmobs:murmur":1,"minecraft:skeleton":32,"minecraft:chicken":4,"minecraft:magma_cube":8,"alexsmobs:grizzly_bear":1,"minecraft:creeper":3,"alexsmobs:crimson_mosquito":3,"minecraft:zombie":27,"minecraft:stray":6,"minecraft:cow":5,"minecraft:blaze":3,"alexsmobs:sugar_glider":1,"twilightforest:death_tome":2,"minecraft:husk":4,"minecraft:hoglin":1,"iceandfire:ghost":3,"minecraft:wither_skeleton":8,"twilightforest:bighorn_sheep":4},"minecraft:broken":{"minecraft:iron_shovel":2,"minecraft:diamond_pickaxe":1,"minecraft:shield":1,"minecraft:iron_axe":1,"minecraft:leather_boots":1,"minecraft:iron_pickaxe":1},"minecraft:crafted":{"minecraft:oak_planks":116,"minecraft:cooked_chicken":4,"minecraft:bookshelf":14,"minecraft:cooked_mutton":3,"minecraft:diamond_leggings":1,"minecraft:iron_boots":1,"minecraft:melon_seeds":23,"minecraft:chest":40,"minecraft:birch_door":3,"minecraft:golden_boots":1,"minecraft:diamond_axe":1,"minecraft:crafting_table":6,"minecraft:spruce_planks":40,"minecraft:wooden_pickaxe":1,"minecraft:iron_helmet":1,"minecraft:birch_planks":1076,"minecraft:campfire":21,"minecraft:charcoal":11,"minecraft:book":1,"minecraft:iron_chestplate":3,"minecraft:paper":3,"minecraft:diamond_pickaxe":3,"minecraft:shield":2,"minecraft:stick":116,"minecraft:iron_ingot":148,"minecraft:iron_pickaxe":3,"minecraft:iron_block":7,"minecraft:stone_sword":1,"minecraft:gold_ingot":13,"minecraft:birch_stairs":40,"minecraft:shears":1,"minecraft:cobbled_deepslate_slab":90,"minecraft:furnace":7,"minecraft:bone_meal":30,"minecraft:flint_and_steel":1,"twilightforest:twilight_oak_planks":16,"minecraft:iron_axe":2,"minecraft:iron_hoe":3,"minecraft:stone_pickaxe":4,"mysticsbiomes:jacaranda_planks":24,"minecraft:wheat":63,"minecraft:cooked_beef":7,"minecraft:diamond_sword":1,"minecraft:enchanting_table":1,"minecraft:bucket":3,"minecraft:air":0,"minecraft:bread":47,"minecraft:iron_shovel":2,"minecraft:iron_leggings":1,"minecraft:anvil":1,"minecraft:torch":104}},"DataVersion":3465}