{"stats":{"minecraft:dropped":{"minecraft:iron_sword":1,"minecraft:diamond":1,"minecraft:dirt":1,"minecraft:pumpkin_pie":5,"minecraft:iron_pickaxe":1,"farmersdelight:egg_sandwich":1,"minecraft:gold_ingot":9,"minecraft:arrow":3,"minecraft:bread":5,"minecraft:torch":11,"minecraft:string":1,"minecraft:diamond_sword":2,"farmersdelight:fried_egg":1,"minecraft:diamond_pickaxe":2},"minecraft:picked_up":{"minecraft:iron_chestplate":3,"minecraft:wheat":284,"minecraft:anvil":2,"minecraft:smithing_table":2,"minecraft:diamond_sword":2,"alexscaves:cave_tablet":17,"minecraft:oak_stairs":78,"minecraft:potion":2,"minecraft:nether_brick":1,"minecraft:amethyst_block":56,"alexsmobs:blood_sprayer":1,"minecraft:string":42,"minecraft:raw_copper":57,"minecraft:smooth_stone_slab":4,"minecraft:iron_leggings":2,"minecraft:beetroot":9,"alexsmobs:blood_sac":7,"minecraft:gold_nugget":52,"minecraft:cobbled_deepslate":522,"meadow:enzian":1,"minecraft:spruce_planks":35,"minecraft:cobblestone_slab":203,"minecraft:calcite":237,"twilightforest:dark_chest":1,"minecraft:iron_pickaxe":2,"minecraft:melon_slice":167,"minecraft:furnace":3,"minecraft:iron_boots":2,"minecraft:golden_helmet":1,"minecraft:spruce_pressure_plate":1,"minecraft:beehive":1,"minecraft:stick":109,"mysticsbiomes:lavender":2,"minecraft:torch":24,"twilightforest:cracked_etched_nagastone":5,"minecraft:pointed_dripstone":50,"tombstone:grave_dust":2,"minecraft:cauldron":2,"minecraft:stone_sword":6,"farmersdelight:fried_egg":17,"minecraft:rotten_flesh":50,"minecraft:red_tulip":2,"minecraft:obsidian":27,"minecraft:cod":12,"minecraft:cobblestone":1315,"minecraft:mossy_cobblestone_slab":2,"minecraft:feather":7,"minecraft:cooked_beef":6,"minecraft:andesite":28,"minecraft:brown_wool":4,"minecraft:smoker":1,"minecraft:potato":201,"alexsmobs:bison_fur":1,"minecraft:flint":1,"minecraft:tuff":42,"twilightforest:mossy_nagastone_pillar":1,"skilltree:gem":8,"minecraft:lapis_lazuli":73,"minecraft:dirt":3413,"minecraft:lantern":1,"minecraft:bone":19,"minecraft:chipped_anvil":1,"minecraft:stonecutter":1,"minecraft:bow":3,"minecraft:wheat_seeds":860,"minecraft:raw_gold":71,"minecraft:grindstone":1,"twilightforest:mangrove_chest":1,"meadow:cobbled_limestone":157,"minecraft:mossy_stone_bricks":2,"minecraft:stone_hoe":3,"minecraft:oak_planks":90,"minecraft:mossy_stone_brick_stairs":4,"artifacts:rooted_boots":1,"minecraft:oak_pressure_plate":1,"minecraft:poisonous_potato":2,"minecraft:sand":153,"minecraft:ink_sac":3,"minecraft:mossy_cobblestone":12,"alexsmobs:animal_dictionary":4,"minecraft:barrel":17,"twilightforest:mossy_etched_nagastone":2,"minecraft:diamond":21,"artifacts:crystal_heart":1,"minecraft:granite":3,"minecraft:golden_apple":2,"minecraft:emerald":1,"minecraft:bread":97,"minecraft:oak_sapling":114,"minecraft:netherrack":373,"minecraft:bricks":4,"minecraft:crimson_roots":1,"iceandfire:raw_silver":9,"minecraft:diamond_pickaxe":6,"minecraft:charcoal":2,"minecraft:crafting_table":3,"minecraft:splash_potion":2,"minecraft:chicken":3,"minecraft:rabbit_stew":1,"minecraft:clay_ball":92,"minecraft:golden_pickaxe":1,"minecraft:wooden_pickaxe":5,"twilightforest:nagastone":7,"minecraft:shield":3,"minecraft:cornflower":2,"minecraft:oak_trapdoor":3,"minecraft:red_bed":1,"minecraft:item_frame":10,"minecraft:cracked_stone_bricks":4,"mysticsbiomes:jacaranda_boat":2,"twilightforest:nagastone_head":4,"minecraft:beef":6,"minecraft:player_head":5,"minecraft:poppy":15,"minecraft:sugar_cane":476,"minecraft:phantom_membrane":1,"minecraft:egg":67,"minecraft:raw_iron":121,"minecraft:raw_gold_block":5,"minecraft:oak_door":6,"minecraft:copper_ingot":2,"minecraft:fire_charge":2,"minecraft:cake":2,"minecraft:cookie":1,"minecraft:carrot":218,"minecraft:redstone":363,"twilightforest:transformation_chest":1,"minecraft:tnt":1,"minecraft:arrow":18,"minecraft:stone_shovel":3,"minecraft:pumpkin_pie":2,"twilightforest:etched_nagastone":3,"minecraft:deepslate_bricks":5,"minecraft:hay_block":13,"alexscaves:spelunkery_table":3,"minecraft:gold_ingot":2,"minecraft:white_wool":29,"minecraft:oxeye_daisy":2,"minecraft:glow_ink_sac":2,"minecraft:tripwire_hook":3,"minecraft:leather":11,"minecraft:birch_planks":1,"minecraft:mushroom_stew":1,"minecraft:oak_log":376,"minecraft:chainmail_chestplate":1,"iceandfire:ectoplasm":1,"minecraft:cobblestone_wall":52,"meadow:fire_log":2,"minecraft:nether_wart_block":6,"minecraft:gunpowder":8,"minecraft:cobblestone_stairs":11,"alexsmobs:mosquito_proboscis":2,"minecraft:deepslate_tile_slab":21,"minecraft:paper":21,"minecraft:cooked_mutton":1,"minecraft:apple":9,"minecraft:stone_bricks":10,"minecraft:iron_ingot":17,"minecraft:stone_pickaxe":3,"minecraft:cooked_chicken":2,"meadow:patched_wool":16,"minecraft:glass_bottle":8,"minecraft:iron_sword":3,"minecraft:soul_sand":38,"netherdungeons:hoglin_leg":3,"minecraft:book":28,"meadow:frame":1,"minecraft:oak_slab":3,"minecraft:smooth_basalt":191,"twilightforest:nagastone_pillar":15,"minecraft:pumpkin":52,"minecraft:sweet_berries":222,"minecraft:chiseled_stone_bricks":2,"minecraft:stone_brick_slab":6,"minecraft:quartz":43,"minecraft:dandelion":23,"minecraft:dripstone_block":51,"minecraft:gravel":56,"minecraft:amethyst_shard":6,"minecraft:spruce_sapling":3,"twilightforest:cracked_nagastone_pillar":3,"minecraft:blast_furnace":9,"minecraft:spruce_log":7,"minecraft:spider_eye":8,"minecraft:oak_wood":1,"minecraft:stone_axe":3,"minecraft:iron_helmet":2,"minecraft:mossy_cobblestone_stairs":6,"twilightforest:spiral_bricks":15,"minecraft:melon_seeds":2,"minecraft:coal":198},"minecraft:used":{"twilightforest:spiral_bricks":15,"minecraft:iron_shovel":54,"minecraft:poppy":6,"farmersdelight:stove":1,"minecraft:shield":43,"twilightforest:dark_chest":1,"minecraft:iron_sword":216,"twilightforest:mangrove_chest":1,"farmersdelight:melon_juice":9,"minecraft:iron_chestplate":1,"farmersdelight:sweet_berry_cheesecake":5,"minecraft:carrot":97,"minecraft:deepslate_tile_slab":86,"minecraft:tuff":2,"minecraft:obsidian":18,"twilightforest:etched_nagastone":3,"meadow:cobbled_limestone":55,"minecraft:lava_bucket":5,"minecraft:bricks":3,"minecraft:lantern":1,"minecraft:mossy_cobblestone_slab":1,"minecraft:stone_bricks":10,"twilightforest:nagastone":6,"farmersdelight:cutting_board":1,"spartanshields:iron_basic_shield":57,"minecraft:sweet_berries":80,"minecraft:oak_sapling":74,"minecraft:furnace":4,"minecraft:egg":1,"minecraft:potato":87,"minecraft:mossy_stone_bricks":2,"minecraft:stone_pickaxe":530,"minecraft:oak_planks":24,"minecraft:wooden_pickaxe":9,"minecraft:mossy_stone_brick_stairs":4,"minecraft:sugar_cane":152,"minecraft:diamond_axe":67,"minecraft:blast_furnace":6,"minecraft:dripstone_block":22,"minecraft:pumpkin_seeds":11,"minecraft:bread":81,"minecraft:oak_pressure_plate":2,"minecraft:gravel":31,"mysticsbiomes:lavender":1,"minecraft:nether_wart_block":3,"minecraft:diamond_sword":92,"twilightforest:cracked_nagastone_pillar":3,"twilightforest:mossy_nagastone_pillar":1,"minecraft:smithing_table":2,"minecraft:smooth_stone_slab":2,"meadow:enzian":1,"minecraft:bone_meal":26,"minecraft:oak_trapdoor":3,"minecraft:enchanting_table":1,"minecraft:stone_sword":106,"minecraft:flint_and_steel":1,"minecraft:stone_shovel":3228,"mysticsbiomes:jacaranda_boat":1,"minecraft:spruce_planks":12,"minecraft:wooden_shovel":60,"twilightforest:cracked_etched_nagastone":5,"minecraft:stone_hoe":165,"minecraft:cooked_chicken":1,"minecraft:netherrack":60,"minecraft:oak_door":6,"minecraft:torch":129,"minecraft:dirt":2103,"minecraft:anvil":2,"minecraft:cobblestone_wall":299,"minecraft:oak_wood":5,"twilightforest:mossy_etched_nagastone":2,"minecraft:oak_fence_gate":5,"minecraft:mossy_cobblestone_stairs":5,"minecraft:stone_brick_slab":10,"minecraft:iron_axe":527,"minecraft:barrel":32,"minecraft:melon_seeds":14,"alexscaves:spelunkery_table":1,"farmersdelight:cooking_pot":1,"tombstone:gift":3,"minecraft:cooked_beef":6,"minecraft:cobbled_deepslate":52,"minecraft:pointed_dripstone":11,"minecraft:iron_leggings":1,"minecraft:wheat_seeds":370,"minecraft:cooked_mutton":1,"minecraft:water_bucket":139,"minecraft:cobblestone_stairs":3,"farmersdelight:skillet":1,"meadow:frame":2,"minecraft:cauldron":5,"minecraft:stonecutter":1,"minecraft:cobblestone_slab":575,"minecraft:deepslate_bricks":85,"minecraft:cracked_stone_bricks":4,"minecraft:mossy_cobblestone":2,"minecraft:crafting_table":6,"minecraft:red_bed":1,"minecraft:campfire":1,"minecraft:cake":2,"meadow:fire_log":2,"minecraft:oak_log":73,"minecraft:diamond_pickaxe":2095,"minecraft:cornflower":2,"minecraft:oxeye_daisy":2,"minecraft:diamond_shovel":45,"minecraft:iron_pickaxe":408,"minecraft:spruce_pressure_plate":2,"twilightforest:nagastone_head":4,"minecraft:spruce_sapling":3,"minecraft:stone_axe":195,"minecraft:chiseled_stone_bricks":12,"minecraft:cobblestone":71,"twilightforest:nagastone_pillar":15,"minecraft:bucket":146,"alexsmobs:animal_dictionary":1,"minecraft:dandelion":21},"minecraft:killed_by":{"minecraft:creeper":1,"minecraft:drowned":1,"minecraft:piglin":1,"minecraft:zombie":2,"minecraft:husk":1,"minecraft:player":2,"twilightforest:naga":1,"minecraft:hoglin":1,"minecraft:skeleton":5,"alexsmobs:crimson_mosquito":1},"minecraft:broken":{"minecraft:wooden_shovel":1,"minecraft:iron_boots":1,"minecraft:stone_pickaxe":2,"minecraft:stone_axe":1,"minecraft:iron_sword":1,"minecraft:stone_shovel":24,"minecraft:stone_hoe":1,"minecraft:shield":1,"minecraft:iron_axe":2,"minecraft:iron_helmet":1,"minecraft:iron_pickaxe":1},"minecraft:custom":{"minecraft:animals_bred":57,"minecraft:interact_with_crafting_table":157,"minecraft:open_barrel":751,"minecraft:eat_cake_slice":12,"minecraft:leave_game":6,"minecraft:time_since_death":22298,"minecraft:sprint_one_cm":1637692,"minecraft:damage_blocked_by_shield":5760,"minecraft:drop":28,"minecraft:play_noteblock":3,"minecraft:talked_to_villager":6,"minecraft:play_time":652698,"minecraft:deaths":16,"minecraft:jump":6704,"minecraft:walk_on_water_one_cm":84181,"minecraft:interact_with_furnace":72,"minecraft:interact_with_cartography_table":1,"minecraft:interact_with_loom":4,"minecraft:sleep_in_bed":1,"minecraft:damage_dealt":18828,"minecraft:player_kills":1,"minecraft:crouch_one_cm":52470,"tombstone:undead_killed":42,"minecraft:use_cauldron":3,"minecraft:interact_with_smithing_table":7,"minecraft:interact_with_anvil":2,"minecraft:mob_kills":96,"minecraft:fill_cauldron":2,"minecraft:climb_one_cm":2620,"minecraft:walk_one_cm":2812861,"minecraft:sneak_time":11968,"minecraft:walk_under_water_one_cm":60499,"minecraft:boat_one_cm":4320,"minecraft:interact_with_blast_furnace":32,"minecraft:total_world_time":652698,"tombstone:raider_killed":3,"minecraft:tune_noteblock":1,"minecraft:time_since_rest":22027,"minecraft:damage_taken":9342,"minecraft:swim_one_cm":16683,"minecraft:fly_one_cm":1612521,"minecraft:open_chest":53,"minecraft:fall_one_cm":119970},"minecraft:mined":{"minecraft:spruce_planks":1,"minecraft:attached_melon_stem":1,"minecraft:oak_sapling":5,"minecraft:cobblestone_stairs":8,"minecraft:obsidian":29,"mysticsbiomes:jacaranda_blossoms":1,"minecraft:granite":1,"minecraft:budding_amethyst":6,"minecraft:grass_block":1549,"minecraft:oak_pressure_plate":1,"minecraft:deepslate_bricks":5,"minecraft:chiseled_stone_bricks":1,"minecraft:spawner":5,"minecraft:tall_seagrass":5,"minecraft:iron_ore":11,"minecraft:cobbled_deepslate":4,"minecraft:fire":24,"minecraft:barrel":17,"minecraft:pumpkin":52,"minecraft:anvil":2,"minecraft:pointed_dripstone":9,"meadow:fire_log":1,"minecraft:cave_vines":1,"minecraft:dirt_path":172,"minecraft:oak_stairs":80,"minecraft:small_amethyst_bud":1,"minecraft:spruce_pressure_plate":1,"minecraft:player_head":5,"meadow:frame":1,"minecraft:deepslate_redstone_ore":27,"minecraft:red_bed":1,"minecraft:smoker":1,"minecraft:amethyst_cluster":2,"minecraft:deepslate_tile_slab":16,"minecraft:clay":30,"minecraft:torch":3,"minecraft:blast_furnace":6,"minecraft:calcite":241,"minecraft:poppy":15,"minecraft:melon":33,"minecraft:nether_quartz_ore":27,"minecraft:cobblestone":118,"minecraft:grindstone":1,"minecraft:sugar_cane":317,"minecraft:bricks":4,"minecraft:wall_torch":8,"twilightforest:mangrove_chest":1,"minecraft:amethyst_block":56,"minecraft:cauldron":2,"minecraft:seagrass":1,"minecraft:nether_wart_block":6,"minecraft:wheat":297,"minecraft:tnt":1,"meadow:limestone":66,"minecraft:smooth_stone_slab":1,"minecraft:grass":183,"minecraft:oak_log":383,"minecraft:dirt":1532,"minecraft:sand":149,"mysticsbiomes:jacaranda_leaves":1,"minecraft:smooth_basalt":192,"minecraft:potted_red_tulip":1,"minecraft:stonecutter":1,"minecraft:netherrack":207,"minecraft:oak_leaves":243,"minecraft:deepslate":519,"minecraft:nether_gold_ore":9,"alexscaves:spelunkery_table":3,"minecraft:tuff":44,"iceandfire:silver_ore":4,"minecraft:mossy_cobblestone":10,"minecraft:deepslate_diamond_ore":3,"minecraft:oak_door":3,"minecraft:chiseled_bookshelf":1,"minecraft:crimson_roots":1,"minecraft:spruce_leaves":39,"minecraft:hay_block":13,"minecraft:redstone_ore":2,"minecraft:oak_trapdoor":3,"minecraft:furnace":3,"minecraft:carrots":59,"minecraft:andesite":7,"minecraft:bookshelf":9,"minecraft:potatoes":54,"twilightforest:transformation_chest":1,"minecraft:cobblestone_slab":15,"minecraft:deepslate_iron_ore":36,"minecraft:lantern":1,"minecraft:stone":998,"minecraft:smithing_table":2,"minecraft:oak_slab":3,"minecraft:glass_pane":4,"minecraft:dandelion":9,"minecraft:stone_brick_slab":6,"minecraft:crafting_table":1,"meadow:alpine_coal_ore":13,"minecraft:emerald_ore":1,"minecraft:oak_wood":1,"minecraft:campfire":1,"minecraft:copper_ore":1,"minecraft:tall_grass":25,"minecraft:deepslate_gold_ore":12,"minecraft:birch_planks":1,"minecraft:cobblestone_wall":28,"minecraft:beehive":1,"minecraft:sweet_berry_bush":23,"twilightforest:dark_chest":1,"minecraft:spruce_log":7,"minecraft:coal_ore":78,"minecraft:gravel":7,"minecraft:dripstone_block":51,"meadow:cobbled_limestone":17,"minecraft:cobweb":33,"minecraft:chipped_anvil":1},"minecraft:killed":{"minecraft:zombified_piglin":1,"minecraft:spider":7,"minecraft:skeleton":14,"minecraft:chicken":3,"artifacts:mimic":2,"minecraft:piglin":1,"minecraft:zombie_villager":2,"minecraft:creeper":5,"alexsmobs:crimson_mosquito":6,"minecraft:zombie":42,"minecraft:phantom":3,"twilightforest:naga":1,"twilightforest:death_tome":1,"alexsmobs:bison":1,"minecraft:drowned":3,"minecraft:hoglin":1,"alexsmobs:cockroach":1,"iceandfire:ghost":1},"minecraft:crafted":{"minecraft:brick":67,"minecraft:oak_planks":396,"minecraft:cobblestone_slab":582,"minecraft:barrel":15,"minecraft:oak_pressure_plate":1,"minecraft:stone":112,"minecraft:diamond_shovel":1,"minecraft:nether_brick":14,"minecraft:spruce_pressure_plate":1,"spartanshields:iron_basic_shield":1,"minecraft:glass":9,"minecraft:stone_brick_slab":30,"minecraft:iron_boots":1,"minecraft:melon_seeds":18,"minecraft:chiseled_stone_bricks":10,"minecraft:bricks":5,"minecraft:stone_hoe":4,"minecraft:stone_bricks":16,"farmersdelight:stove":1,"minecraft:glass_bottle":9,"minecraft:oak_slab":30,"minecraft:wooden_shovel":2,"minecraft:cauldron":3,"minecraft:diamond_axe":1,"minecraft:crafting_table":5,"minecraft:spruce_planks":28,"farmersdelight:iron_knife":1,"minecraft:wooden_pickaxe":1,"minecraft:iron_helmet":1,"farmersdelight:egg_sandwich":6,"minecraft:oak_wood":6,"minecraft:pumpkin_seeds":28,"minecraft:campfire":3,"farmersdelight:skillet":1,"farmersdelight:cutting_board":1,"minecraft:iron_chestplate":1,"minecraft:diamond_pickaxe":1,"minecraft:charcoal":20,"minecraft:shield":1,"minecraft:stick":120,"minecraft:iron_ingot":102,"minecraft:iron_pickaxe":2,"minecraft:stone_sword":1,"minecraft:gold_ingot":68,"farmersdelight:sweet_berry_cheesecake":6,"spartanshields:wooden_basic_shield":1,"minecraft:deepslate_bricks":240,"minecraft:shears":1,"meadow:frame":1,"minecraft:deepslate_tile_slab":96,"farmersdelight:melon_juice":9,"minecraft:oak_door":6,"minecraft:raw_iron":18,"minecraft:stone_shovel":29,"minecraft:furnace":2,"minecraft:bone_meal":30,"farmersdelight:pie_crust":6,"minecraft:oak_trapdoor":2,"minecraft:flint_and_steel":1,"minecraft:polished_deepslate":240,"minecraft:iron_axe":2,"minecraft:stone_pickaxe":5,"minecraft:cobblestone_wall":564,"minecraft:golden_helmet":1,"alexsmobs:blood_sprayer":1,"minecraft:wheat":117,"minecraft:sugar":64,"minecraft:diamond_sword":1,"minecraft:enchanting_table":1,"minecraft:iron_sword":1,"farmersdelight:cooking_pot":1,"minecraft:bucket":8,"minecraft:deepslate_tiles":48,"minecraft:stone_axe":2,"minecraft:air":0,"minecraft:bread":90,"minecraft:oak_fence_gate":6,"minecraft:raw_gold":45,"minecraft:iron_shovel":1,"minecraft:iron_leggings":1,"minecraft:torch":140}},"DataVersion":3465}