{"stats":{"minecraft:dropped":{"minecraft:iron_sword":1,"minecraft:glass_bottle":7,"minecraft:diamond":1,"minecraft:dirt":17,"minecraft:gold_nugget":2,"minecraft:iron_pickaxe":1,"farmersdelight:egg_sandwich":1,"minecraft:wheat":8,"minecraft:rotten_flesh":15,"minecraft:leather_boots":1,"minecraft:cobblestone":9,"minecraft:string":2,"minecraft:clay_ball":40,"minecraft:diamond_sword":2,"minecraft:diamond_pickaxe":2,"minecraft:pumpkin_pie":11,"minecraft:gold_ingot":9,"minecraft:arrow":3,"minecraft:bread":5,"minecraft:torch":12,"farmersdelight:fried_egg":1},"minecraft:picked_up":{"minecraft:iron_chestplate":3,"minecraft:chainmail_boots":1,"minecraft:anvil":2,"minecraft:smithing_table":2,"minecraft:diamond_sword":2,"farmersdelight:rice_panicle":27,"minecraft:oak_stairs":85,"minecraft:enchanted_book":2,"minecraft:brewing_stand":1,"minecraft:amethyst_block":56,"alexsmobs:blood_sprayer":1,"minecraft:polished_deepslate":1,"minecraft:string":73,"minecraft:beetroot":23,"minecraft:gold_nugget":399,"minecraft:cobbled_deepslate":523,"meadow:enzian":1,"minecraft:spruce_planks":35,"mysticsbiomes:butterfly_nest":1,"minecraft:melon_slice":167,"minecraft:golden_helmet":1,"minecraft:spruce_pressure_plate":1,"minecraft:beehive":1,"twilightforest:magic_map":1,"mysticsbiomes:lavender":3,"mysticsbiomes:orange_maple_sapling":104,"twilightforest:cracked_etched_nagastone":5,"minecraft:cauldron":2,"minecraft:stone_sword":6,"minecraft:red_tulip":2,"tombstone:scroll_of_aquatic_life":2,"minecraft:iron_bars":2,"minecraft:birch_log":89,"minecraft:cooked_beef":6,"minecraft:mossy_cobblestone_slab":2,"minecraft:feather":7,"minecraft:birch_slab":1,"minecraft:brown_wool":4,"minecraft:smoker":1,"alexsmobs:bison_fur":1,"minecraft:flint":5,"minecraft:lantern":1,"minecraft:chipped_anvil":1,"minecraft:stonecutter":1,"twilightforest:mangrove_chest":1,"minecraft:ink_sac":3,"minecraft:dark_oak_log":164,"alexsmobs:animal_dictionary":4,"minecraft:barrel":23,"minecraft:bundle":4,"artifacts:crystal_heart":1,"minecraft:granite":3,"minecraft:bread":111,"minecraft:rooted_dirt":1,"iceandfire:raw_silver":10,"minecraft:bricks":4,"minecraft:crimson_roots":1,"minecraft:diamond_pickaxe":6,"minecraft:coarse_dirt":2,"minecraft:crafting_table":4,"minecraft:nether_wart":50,"minecraft:clay_ball":132,"minecraft:golden_pickaxe":1,"minecraft:cornflower":2,"minecraft:red_bed":1,"minecraft:cracked_stone_bricks":5,"mysticsbiomes:jacaranda_boat":2,"minecraft:beef":6,"minecraft:poppy":15,"meadow:alpine_salt":1,"minecraft:birch_sapling":26,"minecraft:egg":110,"minecraft:raw_gold_block":5,"minecraft:oak_door":6,"minecraft:fire_charge":2,"minecraft:cake":4,"minecraft:carrot":223,"minecraft:redstone":527,"twilightforest:transformation_chest":1,"minecraft:tnt":1,"minecraft:stone_shovel":4,"minecraft:deepslate_bricks":5,"minecraft:hay_block":13,"tombstone:essence_of_undeath":1,"minecraft:gold_ingot":2,"minecraft:white_wool":29,"minecraft:oxeye_daisy":2,"minecraft:tripwire_hook":3,"minecraft:torchflower":7,"minecraft:oak_log":409,"alexsmobs:mosquito_proboscis":2,"minecraft:paper":81,"minecraft:white_banner":2,"minecraft:apple":13,"minecraft:stone_bricks":12,"minecraft:stone_pickaxe":3,"tombstone:bag_of_seeds":1,"minecraft:glass_bottle":8,"minecraft:iron_sword":3,"meadow:frame":1,"minecraft:smooth_basalt":191,"twilightforest:nagastone_pillar":15,"minecraft:sweet_berries":222,"minecraft:torchflower_seeds":5,"minecraft:gravel":92,"minecraft:spruce_sapling":5,"twilightforest:cracked_nagastone_pillar":3,"minecraft:spruce_log":7,"minecraft:leather_helmet":1,"mysticsbiomes:maple_log":292,"minecraft:oak_wood":1,"minecraft:slime_ball":4,"minecraft:stone_axe":3,"minecraft:painting":7,"twilightforest:spiral_bricks":15,"minecraft:melon_seeds":2,"minecraft:ender_pearl":1,"minecraft:wheat":296,"alexscaves:cave_tablet":17,"mysticsbiomes:maple_sapling":52,"minecraft:potion":5,"minecraft:nether_brick":1,"mysticsbiomes:jacaranda_log":22,"minecraft:raw_copper":1154,"minecraft:smooth_stone_slab":9,"minecraft:iron_leggings":2,"alexsmobs:blood_sac":7,"minecraft:cobblestone_slab":241,"minecraft:calcite":238,"twilightforest:dark_chest":1,"minecraft:iron_pickaxe":2,"minecraft:iron_boots":6,"minecraft:furnace":3,"tombstone:scroll_of_lightning_resistance":1,"minecraft:stick":239,"minecraft:torch":30,"minecraft:pointed_dripstone":50,"tombstone:grave_dust":34,"farmersdelight:fried_egg":52,"minecraft:rotten_flesh":155,"minecraft:deepslate_brick_stairs":2,"minecraft:obsidian":27,"minecraft:cod":12,"minecraft:cobblestone":2864,"tombstone:soul_receptacle":1,"twilightforest:twilight_oak_log":12,"minecraft:andesite":28,"twilightforest:twilight_oak_wood":1,"minecraft:potato":201,"minecraft:tuff":42,"twilightforest:mossy_nagastone_pillar":1,"minecraft:dirt":4677,"minecraft:lapis_lazuli":73,"skilltree:gem":28,"minecraft:leather_boots":1,"minecraft:bone":133,"minecraft:bow":10,"minecraft:wheat_seeds":869,"minecraft:raw_gold":115,"minecraft:grindstone":1,"meadow:cobbled_limestone":157,"minecraft:mossy_stone_bricks":2,"minecraft:bamboo":82,"minecraft:stone_hoe":3,"minecraft:oak_planks":90,"minecraft:mossy_stone_brick_stairs":4,"artifacts:rooted_boots":1,"minecraft:oak_pressure_plate":1,"minecraft:poisonous_potato":2,"minecraft:sand":182,"minecraft:cyan_bed":1,"minecraft:grass_block":2,"minecraft:mossy_cobblestone":12,"twilightforest:mossy_etched_nagastone":2,"minecraft:sugar":2,"twilightforest:twilight_oak_sapling":4,"minecraft:diamond":30,"minecraft:crossbow":1,"minecraft:golden_apple":2,"minecraft:emerald":2,"minecraft:oak_sapling":117,"minecraft:netherrack":435,"twilightforest:torchberries":9,"minecraft:cocoa_beans":1,"minecraft:charcoal":2,"minecraft:azure_bluet":2,"minecraft:splash_potion":2,"minecraft:chicken":3,"minecraft:rabbit_stew":1,"minecraft:brown_mushroom":3,"minecraft:wooden_pickaxe":5,"twilightforest:nagastone":7,"minecraft:shield":5,"minecraft:oak_trapdoor":3,"minecraft:iron_axe":1,"minecraft:item_frame":10,"twilightforest:nagastone_head":4,"minecraft:player_head":6,"minecraft:sugar_cane":476,"minecraft:phantom_membrane":1,"minecraft:dark_oak_sapling":13,"minecraft:raw_iron":836,"minecraft:copper_ingot":2,"minecraft:cookie":1,"minecraft:dark_oak_planks":6,"minecraft:arrow":145,"minecraft:pumpkin_pie":26,"twilightforest:etched_nagastone":3,"alexscaves:spelunkery_table":3,"minecraft:glistering_melon_slice":9,"minecraft:glow_ink_sac":2,"minecraft:leather":11,"minecraft:birch_planks":3,"minecraft:mushroom_stew":1,"mysticsbiomes:jacaranda_sapling":17,"minecraft:chainmail_chestplate":4,"iceandfire:ectoplasm":1,"minecraft:gunpowder":9,"meadow:fire_log":2,"minecraft:nether_wart_block":6,"minecraft:cobblestone_wall":52,"minecraft:cobblestone_stairs":11,"minecraft:deepslate_tile_slab":21,"minecraft:cooked_mutton":1,"minecraft:iron_ingot":17,"minecraft:cooked_chicken":2,"meadow:patched_wool":16,"minecraft:soul_sand":38,"minecraft:book":567,"netherdungeons:hoglin_leg":3,"minecraft:oak_slab":3,"minecraft:pumpkin":52,"minecraft:chiseled_stone_bricks":2,"minecraft:stone_brick_slab":6,"minecraft:quartz":414,"minecraft:dandelion":30,"minecraft:raw_iron_block":1,"minecraft:dripstone_block":51,"minecraft:amethyst_shard":6,"minecraft:blast_furnace":9,"minecraft:spider_eye":13,"minecraft:pumpkin_seeds":3,"minecraft:iron_helmet":2,"minecraft:mossy_cobblestone_stairs":6,"tombstone:magic_scroll":7,"minecraft:coal":2376},"minecraft:used":{"twilightforest:spiral_bricks":15,"minecraft:poppy":6,"twilightforest:dark_chest":1,"twilightforest:mangrove_chest":1,"farmersdelight:sweet_berry_cheesecake":6,"twilightforest:etched_nagastone":3,"mysticsbiomes:maple_log":227,"minecraft:lava_bucket":15,"minecraft:grass_block":1,"minecraft:birch_sapling":23,"twilightforest:nagastone":6,"minecraft:bow":36,"minecraft:sweet_berries":80,"minecraft:furnace":4,"minecraft:oak_sapling":74,"minecraft:egg":3,"minecraft:potato":87,"minecraft:mossy_stone_bricks":2,"minecraft:wooden_pickaxe":9,"minecraft:mossy_stone_brick_stairs":4,"minecraft:golden_apple":1,"minecraft:blast_furnace":6,"farmersdelight:rice":17,"minecraft:pumpkin_seeds":11,"minecraft:deepslate_brick_stairs":17,"minecraft:birch_slab":1,"minecraft:oak_pressure_plate":2,"minecraft:nether_wart_block":3,"minecraft:diamond_sword":774,"minecraft:smithing_table":2,"twilightforest:twilight_oak_log":7,"meadow:fondue":1,"minecraft:oak_trapdoor":3,"minecraft:enchanting_table":1,"minecraft:iron_bars":2,"minecraft:stone_sword":106,"mysticsbiomes:jacaranda_boat":1,"minecraft:netherrack":115,"minecraft:torch":217,"minecraft:anvil":2,"twilightforest:mossy_etched_nagastone":2,"minecraft:oak_fence_gate":5,"minecraft:mossy_cobblestone_stairs":5,"minecraft:iron_axe":527,"minecraft:rooted_dirt":1,"minecraft:melon_seeds":14,"minecraft:barrel":61,"minecraft:bamboo":78,"farmersdelight:cooking_pot":1,"tombstone:gift":3,"minecraft:cobbled_deepslate":52,"minecraft:pointed_dripstone":11,"minecraft:wheat_seeds":370,"minecraft:water_bucket":153,"minecraft:birch_planks":255,"mysticsbiomes:jacaranda_sapling":6,"meadow:frame":2,"minecraft:cauldron":13,"minecraft:deepslate_bricks":85,"minecraft:cracked_stone_bricks":5,"twilightforest:twilight_oak_sapling":4,"minecraft:mossy_cobblestone":2,"minecraft:crafting_table":8,"minecraft:red_bed":1,"minecraft:campfire":1,"minecraft:cake":5,"meadow:fire_log":2,"minecraft:oak_log":73,"minecraft:diamond_pickaxe":3584,"minecraft:cornflower":2,"minecraft:oxeye_daisy":2,"minecraft:diamond_shovel":1359,"minecraft:iron_pickaxe":742,"minecraft:spruce_pressure_plate":2,"twilightforest:nagastone_head":4,"minecraft:spruce_sapling":5,"minecraft:chiseled_stone_bricks":12,"minecraft:cobblestone":219,"minecraft:potion":4,"farmersdelight:egg_sandwich":22,"minecraft:dandelion":21,"minecraft:iron_shovel":54,"minecraft:polished_deepslate":13,"farmersdelight:stove":1,"minecraft:shield":139,"minecraft:iron_sword":216,"minecraft:nether_wart":16,"farmersdelight:melon_juice":25,"minecraft:iron_chestplate":1,"minecraft:carrot":106,"minecraft:deepslate_tile_slab":86,"minecraft:tuff":2,"minecraft:beehive":1,"minecraft:milk_bucket":2,"minecraft:obsidian":18,"meadow:cobbled_limestone":55,"minecraft:bricks":3,"minecraft:lantern":1,"minecraft:mossy_cobblestone_slab":1,"minecraft:stone_bricks":12,"farmersdelight:cutting_board":1,"spartanshields:iron_basic_shield":73,"minecraft:dark_oak_sapling":13,"minecraft:torchflower":7,"minecraft:stone_pickaxe":530,"minecraft:oak_planks":24,"minecraft:diamond_axe":1014,"minecraft:sugar_cane":152,"alexscaves:cave_book":1,"minecraft:dripstone_block":22,"minecraft:cyan_bed":1,"minecraft:bread":83,"tombstone:grave_key":13,"minecraft:gravel":31,"mysticsbiomes:lavender":1,"mysticsbiomes:orange_maple_sapling":71,"minecraft:torchflower_seeds":8,"twilightforest:cracked_nagastone_pillar":3,"twilightforest:mossy_nagastone_pillar":1,"minecraft:smooth_stone_slab":7,"meadow:enzian":1,"minecraft:coarse_dirt":2,"minecraft:bone_meal":179,"minecraft:flint_and_steel":1,"minecraft:stone_shovel":3228,"meadow:cooking_cauldron":1,"minecraft:spruce_planks":12,"minecraft:wooden_shovel":60,"twilightforest:cracked_etched_nagastone":5,"minecraft:stone_hoe":165,"minecraft:cooked_chicken":1,"minecraft:oak_door":6,"minecraft:dirt":2237,"minecraft:cobblestone_wall":299,"minecraft:oak_wood":5,"minecraft:iron_hoe":36,"minecraft:stone_brick_slab":10,"minecraft:dark_oak_planks":313,"minecraft:bookshelf":18,"meadow:can":2,"alexscaves:spelunkery_table":1,"minecraft:golden_carrot":1,"minecraft:cooked_beef":10,"minecraft:iron_leggings":1,"farmersdelight:fried_egg":1,"minecraft:cooked_mutton":1,"mysticsbiomes:maple_sapling":44,"twilightforest:lich_trophy":1,"minecraft:cobblestone_stairs":3,"farmersdelight:skillet":1,"minecraft:baked_potato":3,"minecraft:stonecutter":1,"minecraft:cobblestone_slab":621,"minecraft:painting":10,"tombstone:bag_of_seeds":4,"minecraft:stone_axe":195,"twilightforest:twilight_oak_wood":1,"twilightforest:nagastone_pillar":15,"minecraft:turtle_helmet":1,"minecraft:bucket":170,"minecraft:pumpkin_pie":24,"alexsmobs:animal_dictionary":1},"minecraft:killed_by":{"twilightforest:lich_minion":1,"twilightforest:kobold":3,"minecraft:vindicator":1,"twilightforest:redcap_sapper":2,"minecraft:zombie":3,"minecraft:husk":2,"twilightforest:naga":1,"twilightforest:skeleton_druid":3,"minecraft:creeper":2,"minecraft:drowned":1,"minecraft:piglin":1,"iceandfire:fire_dragon":1,"minecraft:player":2,"minecraft:hoglin":1,"minecraft:skeleton":12,"alexsmobs:crimson_mosquito":1,"twilightforest:redcap":1},"minecraft:broken":{"minecraft:wooden_shovel":1,"minecraft:iron_boots":3,"minecraft:iron_chestplate":2,"minecraft:iron_leggings":1,"spartanshields:iron_basic_shield":1,"minecraft:iron_sword":1,"minecraft:stone_hoe":1,"minecraft:shield":3,"minecraft:iron_axe":2,"minecraft:iron_pickaxe":7,"minecraft:iron_helmet":2,"minecraft:stone_pickaxe":2,"minecraft:stone_axe":1,"minecraft:stone_shovel":24},"minecraft:custom":{"minecraft:interact_with_crafting_table":200,"minecraft:open_barrel":1377,"minecraft:eat_cake_slice":37,"minecraft:leave_game":11,"minecraft:time_since_death":36397,"minecraft:damage_blocked_by_shield":11708,"minecraft:play_time":1151411,"minecraft:deaths":39,"minecraft:jump":11118,"tombstone:kill_undead_boss":1,"minecraft:enchant_item":2,"minecraft:interact_with_furnace":81,"minecraft:interact_with_cartography_table":1,"minecraft:sleep_in_bed":2,"minecraft:damage_dealt":60670,"tombstone:undead_killed":208,"minecraft:use_cauldron":8,"minecraft:interact_with_smithing_table":10,"minecraft:interact_with_anvil":6,"minecraft:sneak_time":21550,"minecraft:interact_with_blast_furnace":46,"minecraft:total_world_time":1151411,"tombstone:raider_killed":15,"minecraft:tune_noteblock":1,"minecraft:time_since_rest":36197,"minecraft:swim_one_cm":29705,"minecraft:fly_one_cm":3639775,"minecraft:open_chest":179,"minecraft:fall_one_cm":235680,"minecraft:animals_bred":76,"minecraft:sprint_one_cm":2597536,"minecraft:drop":42,"minecraft:play_noteblock":3,"minecraft:talked_to_villager":7,"minecraft:interact_with_brewingstand":2,"minecraft:walk_on_water_one_cm":126110,"minecraft:interact_with_loom":10,"minecraft:player_kills":1,"minecraft:crouch_one_cm":77855,"minecraft:mob_kills":353,"minecraft:fill_cauldron":2,"minecraft:climb_one_cm":12097,"minecraft:walk_one_cm":4192637,"minecraft:walk_under_water_one_cm":70522,"minecraft:boat_one_cm":4320,"spartanshields:shield_bash_hits":4,"minecraft:raid_trigger":1,"minecraft:damage_taken":23541},"minecraft:mined":{"minecraft:dark_oak_planks":6,"mysticsbiomes:lavender":1,"minecraft:obsidian":29,"mysticsbiomes:jacaranda_blossoms":4,"minecraft:granite":1,"minecraft:oak_pressure_plate":1,"minecraft:deepslate_bricks":5,"minecraft:nether_wart":16,"minecraft:chiseled_stone_bricks":1,"minecraft:spawner":14,"minecraft:tall_seagrass":5,"minecraft:cobbled_deepslate":4,"minecraft:fire":31,"minecraft:barrel":23,"twilightforest:twilight_oak_wood":1,"minecraft:pumpkin":52,"minecraft:cave_vines":1,"meadow:fire_log":1,"minecraft:dirt_path":395,"minecraft:oak_stairs":87,"minecraft:small_amethyst_bud":1,"minecraft:spruce_pressure_plate":1,"minecraft:deepslate_brick_stairs":2,"farmersdelight:rice_panicles":33,"minecraft:player_head":6,"meadow:frame":1,"minecraft:brown_mushroom":3,"minecraft:red_bed":1,"minecraft:smoker":1,"minecraft:amethyst_cluster":2,"minecraft:deepslate_tile_slab":16,"minecraft:torch":4,"minecraft:blast_furnace":6,"minecraft:melon":33,"minecraft:cyan_bed":1,"minecraft:sugar_cane":317,"minecraft:bricks":4,"minecraft:amethyst_block":56,"mysticsbiomes:maple_leaf_pile":1,"minecraft:wheat":297,"minecraft:torchflower_crop":2,"minecraft:grass":195,"mysticsbiomes:jacaranda_leaves":1,"minecraft:smooth_basalt":192,"minecraft:stonecutter":1,"minecraft:deepslate":519,"iceandfire:silver_ore":5,"minecraft:mossy_cobblestone":10,"minecraft:dark_oak_log":169,"minecraft:crimson_roots":1,"minecraft:redstone_ore":2,"minecraft:andesite":7,"mysticsbiomes:maple_leaves":3,"minecraft:potatoes":54,"minecraft:cobblestone_slab":52,"minecraft:bamboo":6,"meadow:pine_leaves":1,"minecraft:smithing_table":2,"minecraft:oak_slab":3,"minecraft:glass_pane":4,"minecraft:stone_brick_slab":6,"minecraft:dandelion":13,"minecraft:emerald_ore":1,"minecraft:campfire":1,"minecraft:tall_grass":31,"minecraft:copper_ore":12,"minecraft:deepslate_gold_ore":12,"minecraft:coarse_dirt":2,"minecraft:cobblestone_wall":28,"twilightforest:dark_chest":1,"minecraft:torchflower":7,"minecraft:spruce_log":7,"minecraft:birch_leaves":1,"minecraft:gravel":47,"minecraft:dripstone_block":51,"meadow:cobbled_limestone":17,"minecraft:cobweb":33,"minecraft:stone_bricks":1,"minecraft:chipped_anvil":1,"minecraft:fern":1,"minecraft:spruce_planks":1,"meadow:alpine_salt_ore":1,"minecraft:attached_melon_stem":1,"minecraft:oak_sapling":5,"minecraft:farmland":16,"mysticsbiomes:jacaranda_log":22,"minecraft:cobblestone_stairs":8,"minecraft:brewing_stand":1,"minecraft:budding_amethyst":6,"minecraft:grass_block":1994,"mysticsbiomes:orange_maple_leaf_pile":2,"minecraft:raw_iron_block":1,"minecraft:iron_ore":11,"minecraft:anvil":2,"minecraft:pointed_dripstone":9,"minecraft:iron_bars":2,"minecraft:deepslate_redstone_ore":27,"minecraft:clay":40,"mysticsbiomes:orange_maple_sapling":3,"minecraft:calcite":243,"minecraft:poppy":15,"twilightforest:twilight_oak_log":12,"minecraft:nether_quartz_ore":29,"minecraft:cobblestone":138,"minecraft:grindstone":1,"mysticsbiomes:maple_log":344,"minecraft:wall_torch":10,"twilightforest:mangrove_chest":1,"minecraft:cauldron":2,"minecraft:seagrass":1,"minecraft:nether_wart_block":6,"minecraft:birch_log":89,"minecraft:tnt":1,"minecraft:smooth_stone_slab":2,"meadow:limestone":66,"minecraft:oak_log":402,"minecraft:sand":184,"minecraft:dirt":2097,"minecraft:potted_red_tulip":1,"minecraft:netherrack":272,"minecraft:oak_leaves":244,"mysticsbiomes:butterfly_nest":1,"mysticsbiomes:yellow_maple_leaves":1,"minecraft:nether_gold_ore":9,"alexscaves:spelunkery_table":3,"minecraft:tuff":44,"minecraft:deepslate_diamond_ore":3,"minecraft:oak_door":3,"minecraft:chiseled_bookshelf":1,"mysticsbiomes:orange_maple_leaves":109,"minecraft:birch_slab":1,"minecraft:spruce_leaves":49,"minecraft:rooted_dirt":1,"minecraft:hay_block":13,"minecraft:oak_trapdoor":3,"minecraft:furnace":3,"minecraft:carrots":60,"minecraft:polished_deepslate":1,"minecraft:bookshelf":186,"twilightforest:transformation_chest":1,"minecraft:deepslate_iron_ore":36,"minecraft:lantern":1,"minecraft:stone":2507,"minecraft:crafting_table":2,"meadow:alpine_coal_ore":13,"minecraft:oak_wood":1,"minecraft:birch_planks":3,"minecraft:beehive":1,"minecraft:sweet_berry_bush":23,"minecraft:coal_ore":78},"minecraft:killed":{"twilightforest:lich_minion":4,"minecraft:skeleton":87,"twilightforest:lich":1,"minecraft:chicken":3,"minecraft:pillager":9,"minecraft:zombie":109,"minecraft:vindicator":1,"twilightforest:death_tome":10,"minecraft:husk":12,"twilightforest:kobold":10,"twilightforest:redcap_sapper":1,"iceandfire:ghost":1,"minecraft:enderman":2,"minecraft:zombified_piglin":1,"minecraft:witch":2,"minecraft:spider":14,"artifacts:mimic":2,"twilightforest:slime_beetle":1,"minecraft:piglin":5,"minecraft:zombie_villager":2,"minecraft:creeper":9,"twilightforest:skeleton_druid":9,"alexsmobs:crimson_mosquito":6,"twilightforest:redcap":6,"minecraft:phantom":3,"twilightforest:naga":1,"twilightforest:swarm_spider":26,"alexsmobs:bison":1,"minecraft:drowned":3,"minecraft:hoglin":1,"alexsmobs:cockroach":1},"minecraft:crafted":{"minecraft:oak_pressure_plate":1,"mysticsbiomes:maple_slab":48,"minecraft:diamond_shovel":1,"minecraft:bookshelf":34,"minecraft:nether_brick":14,"minecraft:deepslate_brick_stairs":32,"minecraft:glass":64,"minecraft:melon_seeds":18,"meadow:can":2,"minecraft:glass_bottle":36,"minecraft:wooden_shovel":2,"minecraft:diamond_axe":1,"farmersdelight:iron_knife":1,"farmersdelight:egg_sandwich":23,"minecraft:copper_ingot":64,"minecraft:oak_wood":6,"minecraft:campfire":3,"minecraft:iron_pickaxe":8,"minecraft:gold_ingot":68,"farmersdelight:sweet_berry_cheesecake":6,"spartanshields:wooden_basic_shield":1,"mysticsbiomes:maple_planks":256,"meadow:frame":1,"skilltree:quiver":1,"farmersdelight:melon_juice":30,"minecraft:golden_carrot":1,"minecraft:stone_shovel":29,"minecraft:bone_meal":273,"twilightforest:twilight_oak_planks":20,"minecraft:stone_pickaxe":5,"farmersdelight:rice":27,"minecraft:dark_oak_planks":512,"minecraft:golden_helmet":1,"alexsmobs:blood_sprayer":1,"minecraft:wheat":117,"minecraft:enchanting_table":1,"meadow:cooking_cauldron":3,"skilltree:armored_quiver":1,"farmersdelight:cooking_pot":1,"minecraft:deepslate_tiles":48,"minecraft:oak_fence_gate":6,"minecraft:iron_shovel":1,"minecraft:iron_leggings":3,"minecraft:brick":67,"minecraft:oak_planks":784,"minecraft:cobblestone_slab":630,"minecraft:barrel":38,"minecraft:stone":112,"minecraft:spruce_pressure_plate":1,"spartanshields:iron_basic_shield":1,"meadow:fondue":1,"minecraft:stone_brick_slab":30,"minecraft:iron_boots":9,"tombstone:grave_key":1,"minecraft:chiseled_stone_bricks":10,"minecraft:bricks":5,"minecraft:stone_hoe":4,"minecraft:stone_bricks":16,"farmersdelight:stove":1,"minecraft:oak_slab":102,"minecraft:cauldron":19,"minecraft:crafting_table":7,"minecraft:spruce_planks":28,"minecraft:wooden_pickaxe":1,"minecraft:iron_helmet":3,"minecraft:birch_planks":292,"minecraft:pumpkin_seeds":28,"farmersdelight:skillet":1,"farmersdelight:cutting_board":1,"minecraft:iron_chestplate":2,"minecraft:diamond_pickaxe":3,"minecraft:charcoal":20,"minecraft:shield":5,"minecraft:stick":196,"minecraft:iron_ingot":311,"minecraft:stone_sword":1,"minecraft:deepslate_bricks":240,"minecraft:shears":1,"minecraft:deepslate_tile_slab":96,"minecraft:oak_door":6,"minecraft:raw_iron":18,"minecraft:furnace":2,"farmersdelight:pie_crust":6,"minecraft:oak_trapdoor":2,"minecraft:flint_and_steel":1,"minecraft:polished_deepslate":288,"minecraft:iron_axe":2,"minecraft:iron_hoe":1,"minecraft:cobblestone_wall":564,"mysticsbiomes:jacaranda_planks":28,"minecraft:sugar":64,"minecraft:diamond_sword":1,"minecraft:iron_sword":1,"minecraft:bucket":8,"minecraft:stone_axe":2,"minecraft:bread":90,"minecraft:air":0,"minecraft:raw_gold":45,"minecraft:torch":404}},"DataVersion":3465}