{"stats":{"minecraft:used":{"twilightforest:spiral_bricks":15,"minecraft:iron_shovel":54,"farmersdelight:stove":1,"minecraft:shield":43,"twilightforest:dark_chest":1,"minecraft:iron_sword":216,"twilightforest:mangrove_chest":1,"minecraft:iron_chestplate":1,"minecraft:carrot":45,"minecraft:deepslate_tile_slab":61,"twilightforest:etched_nagastone":3,"meadow:cobbled_limestone":55,"minecraft:obsidian":18,"minecraft:bricks":3,"minecraft:mossy_cobblestone_slab":1,"minecraft:stone_bricks":10,"twilightforest:nagastone":6,"farmersdelight:cutting_board":1,"spartanshields:iron_basic_shield":32,"minecraft:sweet_berries":78,"minecraft:furnace":4,"minecraft:oak_sapling":70,"minecraft:potato":48,"minecraft:mossy_stone_bricks":2,"minecraft:stone_pickaxe":530,"minecraft:oak_planks":24,"minecraft:wooden_pickaxe":9,"minecraft:mossy_stone_brick_stairs":4,"minecraft:sugar_cane":152,"minecraft:blast_furnace":6,"minecraft:pumpkin_seeds":11,"minecraft:bread":81,"minecraft:oak_pressure_plate":2,"minecraft:gravel":25,"mysticsbiomes:lavender":1,"minecraft:nether_wart_block":3,"minecraft:diamond_sword":6,"twilightforest:cracked_nagastone_pillar":3,"twilightforest:mossy_nagastone_pillar":1,"minecraft:smithing_table":2,"minecraft:smooth_stone_slab":2,"meadow:enzian":1,"minecraft:bone_meal":3,"minecraft:oak_trapdoor":3,"minecraft:stone_sword":106,"minecraft:flint_and_steel":1,"minecraft:stone_shovel":3228,"mysticsbiomes:jacaranda_boat":1,"minecraft:spruce_planks":11,"twilightforest:cracked_etched_nagastone":5,"minecraft:stone_hoe":165,"minecraft:netherrack":60,"minecraft:oak_door":6,"minecraft:torch":110,"minecraft:dirt":1473,"minecraft:anvil":2,"minecraft:cobblestone_wall":299,"minecraft:oak_wood":5,"twilightforest:mossy_etched_nagastone":2,"minecraft:oak_fence_gate":5,"minecraft:mossy_cobblestone_stairs":5,"minecraft:stone_brick_slab":10,"minecraft:iron_axe":266,"minecraft:barrel":30,"minecraft:melon_seeds":11,"farmersdelight:cooking_pot":1,"minecraft:cooked_beef":4,"minecraft:cobbled_deepslate":38,"minecraft:iron_leggings":1,"minecraft:wheat_seeds":231,"minecraft:water_bucket":132,"minecraft:cobblestone_stairs":3,"farmersdelight:skillet":1,"meadow:frame":2,"minecraft:cobblestone_slab":575,"minecraft:deepslate_bricks":22,"minecraft:cracked_stone_bricks":4,"minecraft:mossy_cobblestone":2,"minecraft:crafting_table":6,"minecraft:red_bed":1,"minecraft:campfire":1,"minecraft:cake":2,"minecraft:oak_log":73,"minecraft:diamond_pickaxe":1089,"minecraft:cornflower":2,"minecraft:oxeye_daisy":2,"minecraft:iron_pickaxe":408,"minecraft:spruce_pressure_plate":2,"twilightforest:nagastone_head":4,"minecraft:spruce_sapling":3,"minecraft:stone_axe":195,"minecraft:chiseled_stone_bricks":10,"minecraft:cobblestone":71,"twilightforest:nagastone_pillar":15,"minecraft:bucket":134,"alexsmobs:animal_dictionary":1,"minecraft:dandelion":15},"minecraft:custom":{"minecraft:animals_bred":20,"minecraft:interact_with_crafting_table":128,"minecraft:open_barrel":484,"minecraft:eat_cake_slice":11,"minecraft:leave_game":4,"minecraft:time_since_death":17923,"minecraft:sprint_one_cm":1133925,"minecraft:damage_blocked_by_shield":4485,"minecraft:drop":23,"minecraft:play_noteblock":1,"minecraft:talked_to_villager":5,"minecraft:play_time":468861,"minecraft:deaths":12,"minecraft:jump":4876,"minecraft:walk_on_water_one_cm":70874,"minecraft:interact_with_furnace":54,"minecraft:interact_with_loom":1,"minecraft:sleep_in_bed":1,"minecraft:damage_dealt":11715,"minecraft:player_kills":1,"minecraft:crouch_one_cm":46800,"tombstone:undead_killed":18,"minecraft:interact_with_smithing_table":5,"minecraft:mob_kills":59,"minecraft:interact_with_anvil":2,"minecraft:climb_one_cm":1344,"minecraft:walk_one_cm":2095001,"minecraft:sneak_time":9274,"minecraft:walk_under_water_one_cm":57124,"minecraft:boat_one_cm":4320,"minecraft:interact_with_blast_furnace":31,"minecraft:total_world_time":468861,"tombstone:raider_killed":3,"minecraft:time_since_rest":17655,"minecraft:damage_taken":6815,"minecraft:swim_one_cm":11806,"minecraft:fly_one_cm":1032606,"minecraft:open_chest":17,"minecraft:fall_one_cm":91084},"minecraft:killed_by":{"minecraft:drowned":1,"minecraft:zombie":2,"minecraft:husk":1,"minecraft:player":2,"twilightforest:naga":1,"minecraft:hoglin":1,"minecraft:skeleton":3,"alexsmobs:crimson_mosquito":1},"minecraft:dropped":{"minecraft:iron_sword":1,"minecraft:pumpkin_pie":5,"minecraft:iron_pickaxe":1,"farmersdelight:egg_sandwich":1,"minecraft:gold_ingot":9,"minecraft:bread":5,"minecraft:torch":11,"minecraft:diamond_sword":1,"farmersdelight:fried_egg":1,"minecraft:diamond_pickaxe":2},"minecraft:picked_up":{"minecraft:iron_chestplate":3,"minecraft:wheat":151,"minecraft:anvil":2,"minecraft:smithing_table":2,"minecraft:diamond_sword":1,"alexscaves:cave_tablet":7,"minecraft:potion":1,"minecraft:nether_brick":1,"alexsmobs:blood_sprayer":1,"minecraft:string":35,"minecraft:raw_copper":57,"minecraft:smooth_stone_slab":2,"minecraft:iron_leggings":2,"minecraft:beetroot":9,"alexsmobs:blood_sac":7,"minecraft:gold_nugget":52,"minecraft:cobbled_deepslate":309,"meadow:enzian":1,"minecraft:spruce_planks":34,"minecraft:cobblestone_slab":203,"twilightforest:dark_chest":1,"minecraft:iron_pickaxe":2,"minecraft:melon_slice":29,"minecraft:furnace":3,"minecraft:iron_boots":2,"minecraft:spruce_pressure_plate":1,"minecraft:stick":81,"minecraft:torch":19,"mysticsbiomes:lavender":2,"twilightforest:cracked_etched_nagastone":5,"minecraft:cauldron":1,"farmersdelight:fried_egg":7,"minecraft:stone_sword":6,"minecraft:rotten_flesh":39,"minecraft:red_tulip":2,"minecraft:obsidian":19,"minecraft:cod":12,"minecraft:cobblestone":1208,"minecraft:mossy_cobblestone_slab":2,"minecraft:feather":6,"minecraft:cooked_beef":4,"minecraft:andesite":28,"minecraft:brown_wool":4,"minecraft:smoker":1,"minecraft:potato":77,"alexsmobs:bison_fur":1,"minecraft:flint":1,"minecraft:tuff":18,"twilightforest:mossy_nagastone_pillar":1,"minecraft:lapis_lazuli":30,"skilltree:gem":3,"minecraft:dirt":3351,"minecraft:lantern":1,"minecraft:bone":13,"minecraft:chipped_anvil":1,"minecraft:bow":3,"minecraft:wheat_seeds":493,"minecraft:raw_gold":44,"minecraft:grindstone":1,"twilightforest:mangrove_chest":1,"meadow:cobbled_limestone":157,"minecraft:mossy_stone_bricks":2,"minecraft:oak_planks":90,"minecraft:stone_hoe":3,"minecraft:mossy_stone_brick_stairs":4,"artifacts:rooted_boots":1,"minecraft:oak_pressure_plate":1,"minecraft:poisonous_potato":1,"minecraft:sand":89,"minecraft:ink_sac":3,"minecraft:mossy_cobblestone":2,"alexsmobs:animal_dictionary":4,"minecraft:barrel":15,"twilightforest:mossy_etched_nagastone":2,"minecraft:diamond":19,"minecraft:granite":3,"minecraft:golden_apple":1,"minecraft:emerald":1,"minecraft:bread":97,"minecraft:oak_sapling":79,"minecraft:netherrack":373,"minecraft:bricks":2,"iceandfire:raw_silver":9,"minecraft:crimson_roots":1,"minecraft:diamond_pickaxe":6,"minecraft:charcoal":2,"minecraft:crafting_table":3,"minecraft:splash_potion":2,"minecraft:clay_ball":92,"minecraft:golden_pickaxe":1,"minecraft:wooden_pickaxe":5,"twilightforest:nagastone":7,"minecraft:shield":3,"minecraft:cornflower":2,"minecraft:oak_trapdoor":3,"minecraft:red_bed":1,"minecraft:cracked_stone_bricks":4,"mysticsbiomes:jacaranda_boat":2,"twilightforest:nagastone_head":4,"minecraft:beef":6,"minecraft:poppy":5,"minecraft:sugar_cane":476,"minecraft:egg":13,"minecraft:phantom_membrane":1,"minecraft:raw_iron":71,"minecraft:raw_gold_block":5,"minecraft:oak_door":4,"minecraft:fire_charge":2,"minecraft:cake":2,"minecraft:carrot":41,"minecraft:redstone":217,"twilightforest:transformation_chest":1,"minecraft:arrow":10,"minecraft:stone_shovel":3,"twilightforest:etched_nagastone":3,"minecraft:deepslate_bricks":1,"minecraft:hay_block":13,"alexscaves:spelunkery_table":1,"minecraft:gold_ingot":2,"minecraft:oxeye_daisy":2,"minecraft:tripwire_hook":3,"minecraft:leather":11,"minecraft:mushroom_stew":1,"minecraft:oak_log":225,"minecraft:chainmail_chestplate":1,"iceandfire:ectoplasm":1,"meadow:fire_log":2,"minecraft:gunpowder":1,"minecraft:nether_wart_block":6,"minecraft:cobblestone_wall":51,"minecraft:cobblestone_stairs":3,"alexsmobs:mosquito_proboscis":2,"minecraft:deepslate_tile_slab":16,"minecraft:paper":6,"minecraft:apple":8,"minecraft:stone_bricks":10,"minecraft:iron_ingot":16,"minecraft:stone_pickaxe":3,"minecraft:glass_bottle":8,"minecraft:soul_sand":38,"minecraft:iron_sword":3,"meadow:frame":1,"minecraft:book":3,"netherdungeons:hoglin_leg":3,"twilightforest:nagastone_pillar":15,"minecraft:pumpkin":21,"minecraft:sweet_berries":91,"minecraft:chiseled_stone_bricks":2,"minecraft:stone_brick_slab":6,"minecraft:quartz":43,"minecraft:dandelion":14,"minecraft:gravel":49,"minecraft:amethyst_shard":2,"minecraft:spruce_sapling":3,"twilightforest:cracked_nagastone_pillar":3,"minecraft:blast_furnace":9,"minecraft:spruce_log":7,"minecraft:spider_eye":6,"minecraft:oak_wood":1,"minecraft:stone_axe":3,"minecraft:iron_helmet":2,"minecraft:mossy_cobblestone_stairs":6,"twilightforest:spiral_bricks":15,"minecraft:coal":144},"minecraft:mined":{"minecraft:oak_sapling":5,"minecraft:obsidian":20,"mysticsbiomes:jacaranda_blossoms":1,"minecraft:granite":1,"minecraft:grass_block":1539,"minecraft:oak_pressure_plate":1,"minecraft:deepslate_bricks":1,"minecraft:chiseled_stone_bricks":1,"minecraft:spawner":2,"minecraft:tall_seagrass":5,"minecraft:cobbled_deepslate":2,"minecraft:iron_ore":11,"minecraft:fire":13,"minecraft:barrel":15,"minecraft:pumpkin":21,"minecraft:anvil":2,"meadow:fire_log":1,"minecraft:cave_vines":1,"minecraft:dirt_path":146,"minecraft:spruce_pressure_plate":1,"meadow:frame":1,"minecraft:deepslate_redstone_ore":27,"minecraft:red_bed":1,"minecraft:smoker":1,"minecraft:deepslate_tile_slab":13,"minecraft:clay":30,"minecraft:torch":3,"minecraft:blast_furnace":6,"minecraft:poppy":5,"minecraft:melon":5,"minecraft:nether_quartz_ore":27,"minecraft:cobblestone":23,"minecraft:grindstone":1,"minecraft:sugar_cane":317,"minecraft:bricks":2,"twilightforest:mangrove_chest":1,"minecraft:wall_torch":7,"minecraft:cauldron":1,"minecraft:nether_wart_block":6,"minecraft:wheat":162,"meadow:limestone":66,"minecraft:grass":174,"minecraft:oak_log":232,"minecraft:sand":85,"minecraft:dirt":1506,"mysticsbiomes:jacaranda_leaves":1,"minecraft:potted_red_tulip":1,"minecraft:netherrack":207,"minecraft:oak_leaves":194,"minecraft:deepslate":310,"minecraft:nether_gold_ore":9,"alexscaves:spelunkery_table":1,"minecraft:tuff":19,"iceandfire:silver_ore":4,"minecraft:deepslate_diamond_ore":3,"minecraft:oak_door":1,"minecraft:crimson_roots":1,"minecraft:spruce_leaves":39,"minecraft:hay_block":13,"minecraft:redstone_ore":2,"minecraft:oak_trapdoor":3,"minecraft:furnace":3,"minecraft:carrots":11,"minecraft:andesite":7,"minecraft:bookshelf":1,"twilightforest:transformation_chest":1,"minecraft:potatoes":21,"minecraft:deepslate_iron_ore":36,"minecraft:cobblestone_slab":15,"minecraft:lantern":1,"minecraft:stone":984,"minecraft:smithing_table":2,"minecraft:stone_brick_slab":6,"minecraft:crafting_table":1,"meadow:alpine_coal_ore":13,"minecraft:emerald_ore":1,"minecraft:oak_wood":1,"minecraft:campfire":1,"minecraft:tall_grass":22,"minecraft:copper_ore":1,"minecraft:deepslate_gold_ore":11,"minecraft:cobblestone_wall":27,"twilightforest:dark_chest":1,"minecraft:sweet_berry_bush":20,"minecraft:spruce_log":7,"minecraft:coal_ore":78,"minecraft:gravel":6,"meadow:cobbled_limestone":17,"minecraft:cobweb":32,"minecraft:chipped_anvil":1},"minecraft:broken":{"minecraft:stone_pickaxe":2,"minecraft:stone_axe":1,"minecraft:iron_sword":1,"minecraft:stone_shovel":24,"minecraft:stone_hoe":1,"minecraft:shield":1,"minecraft:iron_axe":1,"minecraft:iron_pickaxe":1},"minecraft:killed":{"minecraft:zombified_piglin":1,"minecraft:spider":4,"minecraft:skeleton":8,"artifacts:mimic":1,"minecraft:zombie_villager":1,"minecraft:creeper":2,"alexsmobs:crimson_mosquito":6,"minecraft:zombie":25,"minecraft:phantom":3,"twilightforest:naga":1,"alexsmobs:bison":1,"minecraft:drowned":3,"minecraft:hoglin":1,"alexsmobs:cockroach":1,"iceandfire:ghost":1},"minecraft:crafted":{"minecraft:brick":32,"minecraft:oak_planks":396,"minecraft:cobblestone_slab":582,"minecraft:barrel":15,"minecraft:oak_pressure_plate":1,"minecraft:stone":112,"minecraft:nether_brick":14,"minecraft:spruce_pressure_plate":1,"spartanshields:iron_basic_shield":1,"minecraft:stone_brick_slab":30,"minecraft:iron_boots":1,"minecraft:melon_seeds":11,"minecraft:chiseled_stone_bricks":10,"minecraft:bricks":5,"minecraft:stone_hoe":4,"minecraft:stone_bricks":16,"farmersdelight:stove":1,"minecraft:oak_slab":30,"minecraft:wooden_shovel":1,"minecraft:crafting_table":5,"minecraft:spruce_planks":28,"farmersdelight:iron_knife":1,"minecraft:wooden_pickaxe":1,"minecraft:iron_helmet":1,"farmersdelight:egg_sandwich":1,"minecraft:oak_wood":6,"minecraft:pumpkin_seeds":28,"minecraft:campfire":3,"farmersdelight:skillet":1,"farmersdelight:cutting_board":1,"minecraft:iron_chestplate":1,"minecraft:charcoal":20,"minecraft:diamond_pickaxe":1,"minecraft:shield":1,"minecraft:stick":120,"minecraft:iron_pickaxe":2,"minecraft:iron_ingot":71,"minecraft:stone_sword":1,"minecraft:gold_ingot":23,"spartanshields:wooden_basic_shield":1,"minecraft:deepslate_bricks":60,"meadow:frame":1,"minecraft:deepslate_tile_slab":72,"minecraft:oak_door":6,"minecraft:raw_iron":18,"minecraft:stone_shovel":29,"minecraft:furnace":2,"minecraft:bone_meal":3,"minecraft:oak_trapdoor":2,"minecraft:flint_and_steel":1,"minecraft:polished_deepslate":60,"minecraft:iron_axe":1,"minecraft:cobblestone_wall":564,"minecraft:stone_pickaxe":5,"minecraft:golden_helmet":1,"alexsmobs:blood_sprayer":1,"minecraft:wheat":117,"minecraft:diamond_sword":1,"minecraft:iron_sword":1,"farmersdelight:cooking_pot":1,"minecraft:bucket":8,"minecraft:stone_axe":2,"minecraft:deepslate_tiles":36,"minecraft:bread":80,"minecraft:air":0,"minecraft:oak_fence_gate":6,"minecraft:iron_shovel":1,"minecraft:iron_leggings":1,"minecraft:torch":124}},"DataVersion":3465}