{"stats":{"minecraft:used":{"twilightforest:spiral_bricks":15,"minecraft:iron_shovel":54,"minecraft:shield":43,"minecraft:iron_sword":161,"minecraft:iron_chestplate":1,"minecraft:carrot":14,"minecraft:deepslate_tile_slab":61,"twilightforest:etched_nagastone":3,"minecraft:obsidian":18,"meadow:cobbled_limestone":55,"minecraft:mossy_cobblestone_slab":1,"minecraft:stone_bricks":10,"twilightforest:nagastone":6,"minecraft:sweet_berries":27,"minecraft:furnace":2,"minecraft:oak_sapling":51,"minecraft:potato":22,"minecraft:mossy_stone_bricks":2,"minecraft:stone_pickaxe":530,"minecraft:oak_planks":24,"minecraft:wooden_pickaxe":9,"minecraft:mossy_stone_brick_stairs":4,"minecraft:sugar_cane":152,"minecraft:blast_furnace":3,"minecraft:pumpkin_seeds":11,"minecraft:bread":73,"minecraft:oak_pressure_plate":2,"minecraft:gravel":25,"mysticsbiomes:lavender":1,"minecraft:nether_wart_block":3,"twilightforest:cracked_nagastone_pillar":3,"twilightforest:mossy_nagastone_pillar":1,"minecraft:smithing_table":1,"minecraft:smooth_stone_slab":2,"minecraft:bone_meal":3,"minecraft:oak_trapdoor":3,"minecraft:stone_sword":106,"minecraft:flint_and_steel":1,"minecraft:stone_shovel":3191,"mysticsbiomes:jacaranda_boat":1,"minecraft:spruce_planks":11,"twilightforest:cracked_etched_nagastone":5,"minecraft:stone_hoe":165,"minecraft:netherrack":60,"minecraft:oak_door":6,"minecraft:torch":88,"minecraft:dirt":1472,"minecraft:anvil":1,"minecraft:cobblestone_wall":295,"minecraft:oak_wood":5,"twilightforest:mossy_etched_nagastone":2,"minecraft:oak_fence_gate":5,"minecraft:mossy_cobblestone_stairs":5,"minecraft:stone_brick_slab":10,"minecraft:iron_axe":136,"minecraft:barrel":6,"minecraft:melon_seeds":3,"minecraft:cobbled_deepslate":3,"minecraft:iron_leggings":1,"minecraft:wheat_seeds":166,"minecraft:water_bucket":128,"minecraft:cobblestone_stairs":3,"minecraft:cobblestone_slab":575,"minecraft:deepslate_bricks":22,"minecraft:cracked_stone_bricks":4,"minecraft:mossy_cobblestone":2,"minecraft:crafting_table":4,"minecraft:red_bed":1,"minecraft:cake":2,"minecraft:oak_log":68,"minecraft:diamond_pickaxe":754,"minecraft:oxeye_daisy":2,"minecraft:iron_pickaxe":408,"minecraft:spruce_pressure_plate":2,"twilightforest:nagastone_head":4,"minecraft:spruce_sapling":3,"minecraft:stone_axe":195,"minecraft:chiseled_stone_bricks":10,"minecraft:cobblestone":71,"twilightforest:nagastone_pillar":15,"minecraft:bucket":128,"alexsmobs:animal_dictionary":1,"minecraft:dandelion":9},"minecraft:custom":{"minecraft:interact_with_crafting_table":103,"minecraft:open_barrel":337,"minecraft:eat_cake_slice":11,"minecraft:leave_game":3,"minecraft:time_since_death":4718,"minecraft:sprint_one_cm":774443,"minecraft:damage_blocked_by_shield":2715,"minecraft:drop":20,"minecraft:play_noteblock":1,"minecraft:talked_to_villager":5,"minecraft:play_time":366132,"minecraft:deaths":11,"minecraft:jump":3573,"minecraft:walk_on_water_one_cm":56102,"minecraft:interact_with_furnace":31,"minecraft:damage_dealt":10217,"minecraft:player_kills":1,"minecraft:crouch_one_cm":42868,"tombstone:undead_killed":17,"minecraft:interact_with_smithing_table":5,"minecraft:mob_kills":53,"minecraft:interact_with_anvil":2,"minecraft:climb_one_cm":1344,"minecraft:walk_one_cm":1683155,"minecraft:sneak_time":7847,"minecraft:walk_under_water_one_cm":46773,"minecraft:boat_one_cm":4320,"minecraft:interact_with_blast_furnace":30,"minecraft:total_world_time":366132,"tombstone:raider_killed":3,"minecraft:time_since_rest":4537,"minecraft:damage_taken":6009,"minecraft:swim_one_cm":6444,"minecraft:fly_one_cm":724631,"minecraft:open_chest":9,"minecraft:fall_one_cm":66605},"minecraft:killed_by":{"minecraft:drowned":1,"minecraft:zombie":2,"minecraft:husk":1,"minecraft:player":1,"twilightforest:naga":1,"minecraft:hoglin":1,"minecraft:skeleton":3,"alexsmobs:crimson_mosquito":1},"minecraft:dropped":{"minecraft:iron_sword":1,"minecraft:pumpkin_pie":5,"minecraft:iron_pickaxe":1,"minecraft:gold_ingot":9,"minecraft:bread":5,"minecraft:torch":11,"minecraft:diamond_pickaxe":2},"minecraft:picked_up":{"minecraft:iron_chestplate":3,"minecraft:wheat":86,"minecraft:anvil":1,"minecraft:smithing_table":1,"minecraft:potion":1,"alexsmobs:blood_sprayer":1,"minecraft:string":3,"minecraft:raw_copper":47,"minecraft:smooth_stone_slab":2,"minecraft:iron_leggings":2,"minecraft:beetroot":9,"alexsmobs:blood_sac":7,"minecraft:gold_nugget":52,"minecraft:cobbled_deepslate":40,"minecraft:spruce_planks":34,"minecraft:cobblestone_slab":203,"minecraft:iron_pickaxe":1,"minecraft:melon_slice":3,"minecraft:iron_boots":2,"minecraft:spruce_pressure_plate":1,"minecraft:stick":59,"minecraft:torch":17,"mysticsbiomes:lavender":2,"twilightforest:cracked_etched_nagastone":5,"minecraft:stone_sword":6,"minecraft:rotten_flesh":39,"minecraft:red_tulip":2,"minecraft:obsidian":19,"minecraft:cobblestone":1208,"minecraft:mossy_cobblestone_slab":2,"minecraft:feather":6,"minecraft:andesite":28,"minecraft:brown_wool":4,"minecraft:potato":18,"minecraft:flint":1,"minecraft:tuff":1,"twilightforest:mossy_nagastone_pillar":1,"skilltree:gem":1,"minecraft:dirt":3350,"minecraft:lantern":1,"minecraft:bone":6,"minecraft:bow":3,"minecraft:wheat_seeds":303,"minecraft:raw_gold":11,"meadow:cobbled_limestone":157,"minecraft:mossy_stone_bricks":2,"minecraft:oak_planks":90,"minecraft:stone_hoe":3,"minecraft:mossy_stone_brick_stairs":4,"minecraft:oak_pressure_plate":1,"minecraft:sand":89,"minecraft:ink_sac":2,"minecraft:mossy_cobblestone":2,"alexsmobs:animal_dictionary":4,"minecraft:barrel":6,"twilightforest:mossy_etched_nagastone":2,"minecraft:diamond":3,"minecraft:granite":3,"minecraft:bread":97,"minecraft:oak_sapling":53,"minecraft:netherrack":371,"iceandfire:raw_silver":9,"minecraft:crimson_roots":1,"minecraft:diamond_pickaxe":5,"minecraft:charcoal":2,"minecraft:crafting_table":3,"minecraft:splash_potion":2,"minecraft:wooden_pickaxe":5,"twilightforest:nagastone":7,"minecraft:shield":3,"minecraft:cornflower":2,"minecraft:oak_trapdoor":1,"minecraft:red_bed":1,"minecraft:cracked_stone_bricks":4,"mysticsbiomes:jacaranda_boat":2,"twilightforest:nagastone_head":4,"minecraft:poppy":5,"minecraft:sugar_cane":227,"minecraft:phantom_membrane":1,"minecraft:raw_iron":44,"minecraft:oak_door":4,"minecraft:fire_charge":2,"minecraft:cake":2,"minecraft:carrot":11,"minecraft:redstone":136,"minecraft:arrow":8,"minecraft:stone_shovel":3,"twilightforest:etched_nagastone":3,"minecraft:deepslate_bricks":1,"minecraft:hay_block":13,"minecraft:gold_ingot":2,"minecraft:oxeye_daisy":2,"minecraft:tripwire_hook":3,"minecraft:mushroom_stew":1,"minecraft:oak_log":132,"iceandfire:ectoplasm":1,"minecraft:nether_wart_block":6,"minecraft:cobblestone_wall":50,"minecraft:cobblestone_stairs":3,"alexsmobs:mosquito_proboscis":2,"minecraft:deepslate_tile_slab":16,"minecraft:apple":7,"minecraft:stone_bricks":10,"minecraft:stone_pickaxe":3,"minecraft:soul_sand":38,"minecraft:iron_sword":3,"netherdungeons:hoglin_leg":3,"twilightforest:nagastone_pillar":15,"minecraft:pumpkin":7,"minecraft:sweet_berries":26,"minecraft:chiseled_stone_bricks":2,"minecraft:stone_brick_slab":6,"minecraft:quartz":43,"minecraft:dandelion":14,"minecraft:gravel":49,"minecraft:spruce_sapling":3,"twilightforest:cracked_nagastone_pillar":3,"minecraft:blast_furnace":6,"minecraft:spruce_log":7,"minecraft:spider_eye":1,"minecraft:oak_wood":1,"minecraft:stone_axe":3,"minecraft:iron_helmet":2,"minecraft:mossy_cobblestone_stairs":6,"twilightforest:spiral_bricks":15,"minecraft:coal":99},"minecraft:mined":{"minecraft:oak_sapling":5,"minecraft:obsidian":20,"mysticsbiomes:jacaranda_blossoms":1,"minecraft:granite":1,"minecraft:grass_block":1539,"minecraft:oak_pressure_plate":1,"minecraft:deepslate_bricks":1,"minecraft:chiseled_stone_bricks":1,"minecraft:spawner":1,"minecraft:tall_seagrass":5,"minecraft:iron_ore":11,"minecraft:fire":12,"minecraft:barrel":6,"minecraft:pumpkin":7,"minecraft:anvil":1,"minecraft:cave_vines":1,"minecraft:dirt_path":145,"minecraft:spruce_pressure_plate":1,"minecraft:deepslate_redstone_ore":27,"minecraft:red_bed":1,"minecraft:deepslate_tile_slab":13,"minecraft:torch":3,"minecraft:blast_furnace":3,"minecraft:poppy":5,"minecraft:melon":1,"minecraft:nether_quartz_ore":27,"minecraft:cobblestone":23,"minecraft:sugar_cane":190,"minecraft:wall_torch":5,"minecraft:nether_wart_block":6,"minecraft:wheat":97,"meadow:limestone":66,"minecraft:grass":172,"minecraft:oak_log":132,"minecraft:sand":85,"minecraft:dirt":1506,"mysticsbiomes:jacaranda_leaves":1,"minecraft:potted_red_tulip":1,"minecraft:netherrack":207,"minecraft:oak_leaves":189,"minecraft:deepslate":41,"minecraft:nether_gold_ore":9,"minecraft:tuff":1,"iceandfire:silver_ore":4,"minecraft:deepslate_diamond_ore":3,"minecraft:oak_door":1,"minecraft:crimson_roots":1,"minecraft:spruce_leaves":39,"minecraft:hay_block":13,"minecraft:redstone_ore":2,"minecraft:oak_trapdoor":1,"minecraft:carrots":2,"minecraft:andesite":7,"minecraft:potatoes":6,"minecraft:deepslate_iron_ore":36,"minecraft:cobblestone_slab":15,"minecraft:lantern":1,"minecraft:stone":984,"minecraft:smithing_table":1,"minecraft:stone_brick_slab":6,"minecraft:crafting_table":1,"meadow:alpine_coal_ore":13,"minecraft:oak_wood":1,"minecraft:campfire":1,"minecraft:copper_ore":1,"minecraft:tall_grass":22,"minecraft:deepslate_gold_ore":11,"minecraft:cobblestone_wall":26,"minecraft:sweet_berry_bush":2,"minecraft:spruce_log":7,"minecraft:coal_ore":78,"minecraft:gravel":6,"meadow:cobbled_limestone":17},"minecraft:broken":{"minecraft:stone_pickaxe":2,"minecraft:stone_axe":1,"minecraft:stone_shovel":23,"minecraft:stone_hoe":1,"minecraft:shield":1,"minecraft:iron_pickaxe":1},"minecraft:killed":{"minecraft:zombified_piglin":1,"minecraft:spider":3,"minecraft:skeleton":7,"minecraft:zombie_villager":1,"minecraft:creeper":1,"alexsmobs:crimson_mosquito":6,"minecraft:zombie":25,"minecraft:phantom":3,"twilightforest:naga":1,"minecraft:drowned":3,"minecraft:hoglin":1,"iceandfire:ghost":1},"minecraft:crafted":{"minecraft:oak_planks":232,"minecraft:cobblestone_slab":582,"minecraft:oak_pressure_plate":1,"minecraft:stone":112,"minecraft:nether_brick":14,"minecraft:spruce_pressure_plate":1,"minecraft:stone_brick_slab":30,"minecraft:iron_boots":1,"minecraft:melon_seeds":3,"minecraft:chiseled_stone_bricks":10,"minecraft:stone_hoe":4,"minecraft:stone_bricks":16,"minecraft:crafting_table":3,"minecraft:spruce_planks":28,"minecraft:wooden_pickaxe":1,"minecraft:iron_helmet":1,"minecraft:oak_wood":6,"minecraft:pumpkin_seeds":28,"minecraft:iron_chestplate":1,"minecraft:diamond_pickaxe":1,"minecraft:shield":1,"minecraft:stick":104,"minecraft:iron_pickaxe":2,"minecraft:iron_ingot":58,"minecraft:stone_sword":1,"minecraft:gold_ingot":23,"minecraft:deepslate_bricks":60,"minecraft:deepslate_tile_slab":72,"minecraft:oak_door":6,"minecraft:raw_iron":18,"minecraft:stone_shovel":29,"minecraft:furnace":2,"minecraft:bone_meal":3,"minecraft:oak_trapdoor":2,"minecraft:flint_and_steel":1,"minecraft:polished_deepslate":60,"minecraft:iron_axe":1,"minecraft:cobblestone_wall":564,"minecraft:stone_pickaxe":5,"minecraft:golden_helmet":1,"alexsmobs:blood_sprayer":1,"minecraft:wheat":117,"minecraft:iron_sword":1,"minecraft:bucket":1,"minecraft:stone_axe":2,"minecraft:deepslate_tiles":36,"minecraft:bread":72,"minecraft:air":0,"minecraft:oak_fence_gate":6,"minecraft:iron_shovel":1,"minecraft:iron_leggings":1,"minecraft:torch":104}},"DataVersion":3465}