{"stats":{"minecraft:dropped":{"minecraft:iron_sword":1,"minecraft:glass_bottle":7,"minecraft:diamond":1,"minecraft:dirt":1,"minecraft:pumpkin_pie":11,"minecraft:iron_pickaxe":1,"farmersdelight:egg_sandwich":1,"minecraft:gold_ingot":9,"minecraft:rotten_flesh":15,"minecraft:leather_boots":1,"minecraft:arrow":3,"minecraft:bread":5,"minecraft:torch":12,"minecraft:string":1,"minecraft:clay_ball":40,"minecraft:diamond_sword":2,"farmersdelight:fried_egg":1,"minecraft:diamond_pickaxe":2},"minecraft:picked_up":{"minecraft:iron_chestplate":3,"minecraft:wheat":284,"minecraft:chainmail_boots":1,"minecraft:anvil":2,"minecraft:smithing_table":2,"minecraft:diamond_sword":2,"farmersdelight:rice_panicle":27,"alexscaves:cave_tablet":17,"minecraft:oak_stairs":85,"mysticsbiomes:maple_sapling":52,"minecraft:potion":5,"minecraft:enchanted_book":2,"minecraft:nether_brick":1,"minecraft:brewing_stand":1,"minecraft:amethyst_block":56,"minecraft:polished_deepslate":1,"alexsmobs:blood_sprayer":1,"minecraft:string":49,"minecraft:raw_copper":148,"mysticsbiomes:jacaranda_log":22,"minecraft:iron_leggings":2,"minecraft:smooth_stone_slab":9,"minecraft:beetroot":23,"alexsmobs:blood_sac":7,"minecraft:gold_nugget":72,"minecraft:cobbled_deepslate":523,"meadow:enzian":1,"minecraft:spruce_planks":35,"minecraft:cobblestone_slab":241,"twilightforest:dark_chest":1,"minecraft:calcite":238,"minecraft:iron_pickaxe":2,"mysticsbiomes:butterfly_nest":1,"minecraft:melon_slice":167,"minecraft:iron_boots":2,"minecraft:furnace":3,"tombstone:scroll_of_lightning_resistance":1,"minecraft:golden_helmet":1,"minecraft:spruce_pressure_plate":1,"minecraft:stick":223,"minecraft:beehive":1,"mysticsbiomes:lavender":3,"minecraft:torch":28,"twilightforest:cracked_etched_nagastone":5,"mysticsbiomes:orange_maple_sapling":77,"minecraft:pointed_dripstone":50,"tombstone:grave_dust":34,"minecraft:cauldron":2,"minecraft:stone_sword":6,"farmersdelight:fried_egg":18,"minecraft:rotten_flesh":153,"minecraft:red_tulip":2,"tombstone:scroll_of_aquatic_life":2,"minecraft:deepslate_brick_stairs":2,"minecraft:obsidian":27,"minecraft:iron_bars":2,"minecraft:cod":12,"minecraft:cobblestone":2818,"minecraft:birch_log":89,"minecraft:mossy_cobblestone_slab":2,"tombstone:soul_receptacle":1,"minecraft:feather":7,"minecraft:cooked_beef":6,"minecraft:birch_slab":1,"minecraft:andesite":28,"minecraft:brown_wool":4,"minecraft:smoker":1,"minecraft:potato":201,"alexsmobs:bison_fur":1,"minecraft:flint":5,"minecraft:tuff":42,"twilightforest:mossy_nagastone_pillar":1,"skilltree:gem":10,"minecraft:lapis_lazuli":73,"minecraft:dirt":4659,"minecraft:lantern":1,"minecraft:leather_boots":1,"minecraft:bone":119,"minecraft:chipped_anvil":1,"minecraft:stonecutter":1,"minecraft:bow":10,"minecraft:wheat_seeds":869,"minecraft:raw_gold":71,"minecraft:grindstone":1,"twilightforest:mangrove_chest":1,"meadow:cobbled_limestone":157,"minecraft:mossy_stone_bricks":2,"minecraft:oak_planks":90,"minecraft:stone_hoe":3,"minecraft:mossy_stone_brick_stairs":4,"artifacts:rooted_boots":1,"minecraft:oak_pressure_plate":1,"minecraft:poisonous_potato":2,"minecraft:sand":182,"minecraft:ink_sac":3,"minecraft:grass_block":2,"minecraft:cyan_bed":1,"minecraft:dark_oak_log":164,"alexsmobs:animal_dictionary":4,"minecraft:barrel":23,"minecraft:mossy_cobblestone":12,"twilightforest:mossy_etched_nagastone":2,"minecraft:bundle":4,"minecraft:diamond":21,"artifacts:crystal_heart":1,"minecraft:granite":3,"minecraft:golden_apple":2,"minecraft:emerald":2,"minecraft:bread":111,"minecraft:oak_sapling":117,"minecraft:netherrack":373,"minecraft:bricks":4,"minecraft:crimson_roots":1,"iceandfire:raw_silver":10,"minecraft:diamond_pickaxe":6,"minecraft:cocoa_beans":1,"minecraft:charcoal":2,"minecraft:crafting_table":4,"minecraft:azure_bluet":2,"minecraft:splash_potion":2,"minecraft:chicken":3,"minecraft:clay_ball":132,"minecraft:rabbit_stew":1,"minecraft:golden_pickaxe":1,"minecraft:brown_mushroom":3,"minecraft:wooden_pickaxe":5,"twilightforest:nagastone":7,"minecraft:shield":5,"minecraft:cornflower":2,"minecraft:oak_trapdoor":3,"minecraft:red_bed":1,"minecraft:iron_axe":1,"minecraft:item_frame":10,"minecraft:cracked_stone_bricks":5,"mysticsbiomes:jacaranda_boat":2,"twilightforest:nagastone_head":4,"minecraft:beef":6,"minecraft:player_head":6,"minecraft:poppy":15,"minecraft:sugar_cane":476,"meadow:alpine_salt":1,"minecraft:birch_sapling":26,"minecraft:phantom_membrane":1,"minecraft:egg":101,"minecraft:dark_oak_sapling":13,"minecraft:raw_iron":121,"minecraft:raw_gold_block":5,"minecraft:oak_door":6,"minecraft:copper_ingot":2,"minecraft:fire_charge":2,"minecraft:cake":4,"minecraft:cookie":1,"minecraft:carrot":223,"minecraft:redstone":363,"twilightforest:transformation_chest":1,"minecraft:dark_oak_planks":6,"minecraft:tnt":1,"minecraft:arrow":143,"minecraft:stone_shovel":4,"minecraft:pumpkin_pie":26,"twilightforest:etched_nagastone":3,"minecraft:deepslate_bricks":5,"minecraft:hay_block":13,"alexscaves:spelunkery_table":3,"tombstone:essence_of_undeath":1,"minecraft:glistering_melon_slice":9,"minecraft:gold_ingot":2,"minecraft:white_wool":29,"minecraft:oxeye_daisy":2,"minecraft:glow_ink_sac":2,"minecraft:tripwire_hook":3,"minecraft:leather":11,"minecraft:birch_planks":3,"minecraft:torchflower":7,"minecraft:mushroom_stew":1,"mysticsbiomes:jacaranda_sapling":17,"minecraft:oak_log":409,"minecraft:chainmail_chestplate":4,"iceandfire:ectoplasm":1,"minecraft:cobblestone_wall":52,"meadow:fire_log":2,"minecraft:nether_wart_block":6,"minecraft:gunpowder":9,"minecraft:cobblestone_stairs":11,"minecraft:deepslate_tile_slab":21,"alexsmobs:mosquito_proboscis":2,"minecraft:paper":81,"minecraft:white_banner":2,"minecraft:cooked_mutton":1,"minecraft:apple":13,"minecraft:stone_bricks":12,"minecraft:iron_ingot":17,"minecraft:stone_pickaxe":3,"minecraft:cooked_chicken":2,"meadow:patched_wool":16,"tombstone:bag_of_seeds":1,"minecraft:glass_bottle":8,"minecraft:iron_sword":3,"minecraft:soul_sand":38,"netherdungeons:hoglin_leg":3,"minecraft:book":567,"meadow:frame":1,"minecraft:oak_slab":3,"minecraft:smooth_basalt":191,"twilightforest:nagastone_pillar":15,"minecraft:pumpkin":52,"minecraft:sweet_berries":222,"minecraft:chiseled_stone_bricks":2,"minecraft:stone_brick_slab":6,"minecraft:quartz":43,"minecraft:dandelion":26,"minecraft:dripstone_block":51,"minecraft:torchflower_seeds":5,"minecraft:gravel":92,"minecraft:amethyst_shard":6,"minecraft:spruce_sapling":5,"twilightforest:cracked_nagastone_pillar":3,"minecraft:blast_furnace":9,"minecraft:spruce_log":7,"minecraft:spider_eye":9,"minecraft:leather_helmet":1,"mysticsbiomes:maple_log":258,"minecraft:oak_wood":1,"minecraft:pumpkin_seeds":3,"minecraft:stone_axe":3,"minecraft:iron_helmet":2,"minecraft:painting":7,"minecraft:mossy_cobblestone_stairs":6,"tombstone:magic_scroll":6,"twilightforest:spiral_bricks":15,"minecraft:melon_seeds":2,"minecraft:coal":224,"minecraft:ender_pearl":1},"minecraft:used":{"minecraft:polished_deepslate":13,"twilightforest:spiral_bricks":15,"minecraft:iron_shovel":54,"minecraft:poppy":6,"farmersdelight:stove":1,"minecraft:shield":89,"twilightforest:dark_chest":1,"minecraft:iron_sword":216,"twilightforest:mangrove_chest":1,"farmersdelight:melon_juice":9,"minecraft:iron_chestplate":1,"farmersdelight:sweet_berry_cheesecake":6,"minecraft:carrot":100,"minecraft:deepslate_tile_slab":86,"mysticsbiomes:maple_log":194,"minecraft:tuff":2,"minecraft:obsidian":18,"meadow:cobbled_limestone":55,"twilightforest:etched_nagastone":3,"minecraft:lava_bucket":10,"minecraft:bricks":3,"minecraft:grass_block":1,"minecraft:birch_sapling":23,"minecraft:lantern":1,"minecraft:mossy_cobblestone_slab":1,"minecraft:stone_bricks":12,"twilightforest:nagastone":6,"minecraft:oak_sapling":74,"farmersdelight:cutting_board":1,"spartanshields:iron_basic_shield":73,"minecraft:sweet_berries":80,"minecraft:furnace":4,"minecraft:egg":2,"minecraft:potato":87,"minecraft:dark_oak_sapling":13,"minecraft:mossy_stone_bricks":2,"minecraft:torchflower":7,"minecraft:stone_pickaxe":530,"minecraft:oak_planks":24,"minecraft:wooden_pickaxe":9,"minecraft:mossy_stone_brick_stairs":4,"minecraft:sugar_cane":152,"minecraft:diamond_axe":965,"minecraft:golden_apple":1,"alexscaves:cave_book":1,"minecraft:blast_furnace":6,"minecraft:deepslate_brick_stairs":17,"farmersdelight:rice":17,"minecraft:dripstone_block":22,"minecraft:pumpkin_seeds":11,"minecraft:birch_slab":1,"minecraft:bread":83,"minecraft:cyan_bed":1,"minecraft:oak_pressure_plate":2,"minecraft:gravel":31,"mysticsbiomes:lavender":1,"mysticsbiomes:orange_maple_sapling":64,"minecraft:torchflower_seeds":8,"minecraft:nether_wart_block":3,"minecraft:diamond_sword":660,"twilightforest:cracked_nagastone_pillar":3,"twilightforest:mossy_nagastone_pillar":1,"minecraft:iron_bars":2,"minecraft:smithing_table":2,"minecraft:smooth_stone_slab":7,"meadow:enzian":1,"minecraft:stone_sword":106,"minecraft:bone_meal":179,"minecraft:oak_trapdoor":3,"minecraft:flint_and_steel":1,"minecraft:enchanting_table":1,"minecraft:stone_shovel":3228,"mysticsbiomes:jacaranda_boat":1,"minecraft:spruce_planks":12,"minecraft:wooden_shovel":60,"twilightforest:cracked_etched_nagastone":5,"minecraft:stone_hoe":165,"minecraft:cooked_chicken":1,"minecraft:netherrack":60,"minecraft:oak_door":6,"minecraft:torch":170,"minecraft:dirt":2235,"minecraft:anvil":2,"minecraft:cobblestone_wall":299,"minecraft:oak_wood":5,"twilightforest:mossy_etched_nagastone":2,"minecraft:oak_fence_gate":5,"minecraft:mossy_cobblestone_stairs":5,"minecraft:iron_hoe":36,"minecraft:stone_brick_slab":10,"minecraft:dark_oak_planks":313,"minecraft:bookshelf":18,"minecraft:iron_axe":527,"minecraft:bamboo":6,"minecraft:barrel":55,"minecraft:melon_seeds":14,"alexscaves:spelunkery_table":1,"minecraft:golden_carrot":1,"farmersdelight:cooking_pot":1,"tombstone:gift":3,"minecraft:cooked_beef":10,"minecraft:cobbled_deepslate":52,"minecraft:pointed_dripstone":11,"farmersdelight:fried_egg":1,"minecraft:iron_leggings":1,"minecraft:wheat_seeds":370,"minecraft:cooked_mutton":1,"mysticsbiomes:maple_sapling":44,"minecraft:water_bucket":153,"twilightforest:lich_trophy":1,"minecraft:cobblestone_stairs":3,"farmersdelight:skillet":1,"minecraft:birch_planks":255,"mysticsbiomes:jacaranda_sapling":6,"minecraft:baked_potato":1,"meadow:frame":2,"minecraft:cauldron":5,"minecraft:stonecutter":1,"minecraft:cobblestone_slab":621,"minecraft:deepslate_bricks":85,"minecraft:cracked_stone_bricks":5,"minecraft:mossy_cobblestone":2,"minecraft:crafting_table":7,"minecraft:red_bed":1,"minecraft:campfire":1,"minecraft:painting":10,"tombstone:bag_of_seeds":4,"minecraft:cake":5,"meadow:fire_log":2,"minecraft:oak_log":73,"minecraft:diamond_pickaxe":3462,"minecraft:cornflower":2,"minecraft:oxeye_daisy":2,"minecraft:diamond_shovel":1343,"minecraft:iron_pickaxe":647,"minecraft:spruce_pressure_plate":2,"twilightforest:nagastone_head":4,"minecraft:spruce_sapling":5,"minecraft:stone_axe":195,"minecraft:chiseled_stone_bricks":12,"minecraft:cobblestone":209,"minecraft:potion":4,"twilightforest:nagastone_pillar":15,"farmersdelight:egg_sandwich":5,"minecraft:turtle_helmet":1,"minecraft:bucket":165,"minecraft:pumpkin_pie":24,"alexsmobs:animal_dictionary":1,"minecraft:dandelion":21},"minecraft:killed_by":{"twilightforest:lich_minion":1,"minecraft:creeper":1,"minecraft:drowned":1,"minecraft:vindicator":1,"minecraft:piglin":1,"minecraft:zombie":2,"iceandfire:fire_dragon":1,"minecraft:husk":2,"minecraft:player":2,"twilightforest:naga":1,"minecraft:hoglin":1,"minecraft:skeleton":9,"alexsmobs:crimson_mosquito":1},"minecraft:broken":{"minecraft:wooden_shovel":1,"minecraft:iron_boots":1,"minecraft:iron_chestplate":1,"minecraft:iron_leggings":1,"minecraft:stone_pickaxe":2,"minecraft:stone_axe":1,"spartanshields:iron_basic_shield":1,"minecraft:iron_sword":1,"minecraft:stone_shovel":24,"minecraft:stone_hoe":1,"minecraft:shield":2,"minecraft:iron_axe":2,"minecraft:iron_pickaxe":1,"minecraft:iron_helmet":1},"minecraft:custom":{"minecraft:animals_bred":74,"minecraft:interact_with_crafting_table":182,"minecraft:open_barrel":1083,"minecraft:eat_cake_slice":37,"minecraft:leave_game":8,"minecraft:time_since_death":12759,"minecraft:sprint_one_cm":2243487,"minecraft:damage_blocked_by_shield":9240,"minecraft:drop":34,"minecraft:play_noteblock":3,"minecraft:talked_to_villager":6,"minecraft:play_time":988986,"minecraft:deaths":25,"minecraft:interact_with_brewingstand":1,"minecraft:jump":9394,"tombstone:kill_undead_boss":1,"minecraft:walk_on_water_one_cm":124258,"minecraft:enchant_item":2,"minecraft:interact_with_furnace":74,"minecraft:interact_with_cartography_table":1,"minecraft:interact_with_loom":9,"minecraft:sleep_in_bed":2,"minecraft:damage_dealt":55176,"minecraft:player_kills":1,"minecraft:crouch_one_cm":65737,"tombstone:undead_killed":193,"minecraft:use_cauldron":4,"minecraft:interact_with_smithing_table":7,"minecraft:interact_with_anvil":2,"minecraft:mob_kills":287,"minecraft:fill_cauldron":2,"minecraft:climb_one_cm":12097,"minecraft:walk_one_cm":3762539,"minecraft:sneak_time":16187,"minecraft:walk_under_water_one_cm":63071,"minecraft:boat_one_cm":4320,"minecraft:interact_with_blast_furnace":32,"minecraft:total_world_time":988986,"spartanshields:shield_bash_hits":3,"tombstone:raider_killed":14,"minecraft:tune_noteblock":1,"minecraft:raid_trigger":1,"minecraft:time_since_rest":12719,"minecraft:damage_taken":16103,"minecraft:swim_one_cm":29705,"minecraft:fly_one_cm":2683948,"minecraft:open_chest":108,"minecraft:fall_one_cm":186406},"minecraft:mined":{"minecraft:dark_oak_planks":6,"mysticsbiomes:lavender":1,"minecraft:spruce_planks":1,"minecraft:attached_melon_stem":1,"meadow:alpine_salt_ore":1,"minecraft:oak_sapling":5,"minecraft:farmland":16,"mysticsbiomes:jacaranda_log":22,"minecraft:cobblestone_stairs":8,"minecraft:brewing_stand":1,"minecraft:obsidian":29,"mysticsbiomes:jacaranda_blossoms":4,"minecraft:granite":1,"minecraft:budding_amethyst":6,"minecraft:grass_block":1991,"minecraft:oak_pressure_plate":1,"minecraft:deepslate_bricks":5,"mysticsbiomes:orange_maple_leaf_pile":2,"minecraft:chiseled_stone_bricks":1,"minecraft:spawner":11,"minecraft:tall_seagrass":5,"minecraft:iron_ore":11,"minecraft:barrel":23,"minecraft:fire":24,"minecraft:cobbled_deepslate":4,"minecraft:pumpkin":52,"minecraft:anvil":2,"minecraft:pointed_dripstone":9,"meadow:fire_log":1,"minecraft:cave_vines":1,"minecraft:dirt_path":395,"minecraft:small_amethyst_bud":1,"minecraft:oak_stairs":87,"minecraft:iron_bars":2,"minecraft:spruce_pressure_plate":1,"minecraft:deepslate_brick_stairs":2,"farmersdelight:rice_panicles":33,"minecraft:player_head":6,"meadow:frame":1,"minecraft:deepslate_redstone_ore":27,"minecraft:brown_mushroom":3,"minecraft:red_bed":1,"minecraft:smoker":1,"minecraft:amethyst_cluster":2,"minecraft:deepslate_tile_slab":16,"minecraft:clay":40,"minecraft:torch":4,"mysticsbiomes:orange_maple_sapling":3,"minecraft:blast_furnace":6,"minecraft:calcite":243,"minecraft:poppy":15,"minecraft:melon":33,"minecraft:cobblestone":138,"minecraft:nether_quartz_ore":27,"minecraft:cyan_bed":1,"mysticsbiomes:maple_log":310,"minecraft:grindstone":1,"minecraft:sugar_cane":317,"minecraft:bricks":4,"twilightforest:mangrove_chest":1,"minecraft:wall_torch":10,"minecraft:amethyst_block":56,"minecraft:cauldron":2,"minecraft:seagrass":1,"mysticsbiomes:maple_leaf_pile":1,"minecraft:nether_wart_block":6,"minecraft:birch_log":89,"minecraft:wheat":297,"minecraft:torchflower_crop":2,"minecraft:tnt":1,"meadow:limestone":66,"minecraft:smooth_stone_slab":2,"minecraft:grass":194,"minecraft:oak_log":402,"minecraft:dirt":2082,"minecraft:sand":184,"mysticsbiomes:jacaranda_leaves":1,"minecraft:smooth_basalt":192,"minecraft:potted_red_tulip":1,"minecraft:stonecutter":1,"minecraft:netherrack":207,"minecraft:oak_leaves":244,"mysticsbiomes:butterfly_nest":1,"minecraft:deepslate":519,"mysticsbiomes:yellow_maple_leaves":1,"minecraft:nether_gold_ore":9,"alexscaves:spelunkery_table":3,"minecraft:tuff":44,"iceandfire:silver_ore":5,"minecraft:mossy_cobblestone":10,"minecraft:deepslate_diamond_ore":3,"minecraft:oak_door":3,"minecraft:dark_oak_log":169,"minecraft:chiseled_bookshelf":1,"minecraft:crimson_roots":1,"mysticsbiomes:orange_maple_leaves":59,"minecraft:birch_slab":1,"minecraft:spruce_leaves":49,"minecraft:hay_block":13,"minecraft:redstone_ore":2,"minecraft:oak_trapdoor":3,"minecraft:furnace":3,"minecraft:carrots":60,"minecraft:andesite":7,"mysticsbiomes:maple_leaves":3,"minecraft:polished_deepslate":1,"minecraft:bookshelf":186,"minecraft:potatoes":54,"twilightforest:transformation_chest":1,"minecraft:cobblestone_slab":52,"minecraft:deepslate_iron_ore":36,"minecraft:lantern":1,"meadow:pine_leaves":1,"minecraft:stone":2482,"minecraft:smithing_table":2,"minecraft:oak_slab":3,"minecraft:glass_pane":4,"minecraft:dandelion":9,"minecraft:stone_brick_slab":6,"minecraft:crafting_table":2,"meadow:alpine_coal_ore":13,"minecraft:emerald_ore":1,"minecraft:oak_wood":1,"minecraft:campfire":1,"minecraft:copper_ore":3,"minecraft:tall_grass":31,"minecraft:deepslate_gold_ore":12,"minecraft:birch_planks":3,"minecraft:cobblestone_wall":28,"minecraft:beehive":1,"twilightforest:dark_chest":1,"minecraft:sweet_berry_bush":23,"minecraft:birch_leaves":1,"minecraft:torchflower":7,"minecraft:spruce_log":7,"minecraft:coal_ore":78,"minecraft:gravel":47,"minecraft:dripstone_block":51,"meadow:cobbled_limestone":17,"minecraft:cobweb":33,"minecraft:stone_bricks":1,"minecraft:chipped_anvil":1,"minecraft:fern":1},"minecraft:killed":{"minecraft:zombified_piglin":1,"minecraft:witch":1,"minecraft:spider":14,"twilightforest:lich_minion":4,"minecraft:skeleton":82,"twilightforest:lich":1,"minecraft:chicken":3,"artifacts:mimic":2,"minecraft:piglin":2,"minecraft:zombie_villager":2,"minecraft:creeper":7,"alexsmobs:crimson_mosquito":6,"minecraft:pillager":9,"minecraft:zombie":108,"minecraft:vindicator":1,"minecraft:phantom":3,"twilightforest:naga":1,"twilightforest:death_tome":10,"alexsmobs:bison":1,"minecraft:drowned":3,"minecraft:husk":12,"minecraft:hoglin":1,"alexsmobs:cockroach":1,"iceandfire:ghost":1,"minecraft:enderman":2},"minecraft:crafted":{"minecraft:brick":67,"minecraft:oak_planks":764,"minecraft:cobblestone_slab":630,"minecraft:barrel":32,"minecraft:oak_pressure_plate":1,"minecraft:stone":112,"minecraft:diamond_shovel":1,"minecraft:bookshelf":34,"minecraft:nether_brick":14,"minecraft:spruce_pressure_plate":1,"spartanshields:iron_basic_shield":1,"minecraft:deepslate_brick_stairs":32,"minecraft:glass":37,"minecraft:stone_brick_slab":30,"minecraft:iron_boots":2,"minecraft:melon_seeds":18,"minecraft:chiseled_stone_bricks":10,"minecraft:bricks":5,"minecraft:stone_hoe":4,"minecraft:stone_bricks":16,"farmersdelight:stove":1,"minecraft:glass_bottle":9,"minecraft:oak_slab":102,"minecraft:wooden_shovel":2,"minecraft:cauldron":3,"minecraft:diamond_axe":1,"minecraft:crafting_table":6,"minecraft:spruce_planks":28,"farmersdelight:iron_knife":1,"minecraft:wooden_pickaxe":1,"minecraft:iron_helmet":2,"farmersdelight:egg_sandwich":6,"minecraft:oak_wood":6,"minecraft:birch_planks":292,"minecraft:pumpkin_seeds":28,"minecraft:campfire":3,"farmersdelight:skillet":1,"farmersdelight:cutting_board":1,"minecraft:iron_chestplate":1,"minecraft:diamond_pickaxe":2,"minecraft:charcoal":20,"minecraft:shield":3,"minecraft:stick":156,"minecraft:iron_ingot":102,"minecraft:iron_pickaxe":2,"minecraft:stone_sword":1,"minecraft:gold_ingot":68,"farmersdelight:sweet_berry_cheesecake":6,"spartanshields:wooden_basic_shield":1,"minecraft:golden_carrot":1,"minecraft:deepslate_bricks":240,"mysticsbiomes:maple_planks":256,"minecraft:shears":1,"meadow:frame":1,"minecraft:deepslate_tile_slab":96,"farmersdelight:melon_juice":9,"minecraft:oak_door":6,"minecraft:raw_iron":18,"minecraft:stone_shovel":29,"minecraft:furnace":2,"minecraft:bone_meal":273,"farmersdelight:pie_crust":6,"minecraft:oak_trapdoor":2,"minecraft:flint_and_steel":1,"minecraft:polished_deepslate":288,"minecraft:iron_axe":2,"minecraft:iron_hoe":1,"minecraft:cobblestone_wall":564,"minecraft:stone_pickaxe":5,"farmersdelight:rice":27,"mysticsbiomes:jacaranda_planks":28,"minecraft:dark_oak_planks":512,"minecraft:golden_helmet":1,"alexsmobs:blood_sprayer":1,"minecraft:wheat":117,"minecraft:sugar":64,"minecraft:diamond_sword":1,"minecraft:enchanting_table":1,"minecraft:iron_sword":1,"farmersdelight:cooking_pot":1,"minecraft:bucket":8,"minecraft:deepslate_tiles":48,"minecraft:stone_axe":2,"minecraft:air":0,"minecraft:bread":90,"minecraft:oak_fence_gate":6,"minecraft:raw_gold":45,"minecraft:iron_shovel":1,"minecraft:iron_leggings":2,"minecraft:torch":244}},"DataVersion":3465}