{"stats":{"minecraft:used":{"twilightforest:spiral_bricks":15,"minecraft:iron_shovel":54,"farmersdelight:stove":1,"minecraft:shield":43,"twilightforest:dark_chest":1,"minecraft:iron_sword":216,"twilightforest:mangrove_chest":1,"minecraft:iron_chestplate":1,"minecraft:carrot":45,"minecraft:deepslate_tile_slab":61,"minecraft:obsidian":18,"twilightforest:etched_nagastone":3,"meadow:cobbled_limestone":55,"minecraft:lava_bucket":2,"minecraft:bricks":3,"minecraft:mossy_cobblestone_slab":1,"minecraft:stone_bricks":10,"twilightforest:nagastone":6,"farmersdelight:cutting_board":1,"spartanshields:iron_basic_shield":42,"minecraft:sweet_berries":78,"minecraft:oak_sapling":70,"minecraft:furnace":4,"minecraft:potato":48,"minecraft:mossy_stone_bricks":2,"minecraft:stone_pickaxe":530,"minecraft:oak_planks":24,"minecraft:wooden_pickaxe":9,"minecraft:mossy_stone_brick_stairs":4,"minecraft:sugar_cane":152,"minecraft:blast_furnace":6,"minecraft:pumpkin_seeds":11,"minecraft:bread":81,"minecraft:oak_pressure_plate":2,"minecraft:gravel":25,"mysticsbiomes:lavender":1,"minecraft:nether_wart_block":3,"minecraft:diamond_sword":39,"twilightforest:cracked_nagastone_pillar":3,"twilightforest:mossy_nagastone_pillar":1,"minecraft:smithing_table":2,"minecraft:smooth_stone_slab":2,"meadow:enzian":1,"minecraft:bone_meal":3,"minecraft:oak_trapdoor":3,"minecraft:stone_sword":106,"minecraft:flint_and_steel":1,"minecraft:stone_shovel":3228,"mysticsbiomes:jacaranda_boat":1,"minecraft:spruce_planks":11,"twilightforest:cracked_etched_nagastone":5,"minecraft:stone_hoe":165,"minecraft:netherrack":60,"minecraft:oak_door":6,"minecraft:torch":110,"minecraft:dirt":1473,"minecraft:anvil":2,"minecraft:cobblestone_wall":299,"minecraft:oak_wood":5,"twilightforest:mossy_etched_nagastone":2,"minecraft:oak_fence_gate":5,"minecraft:mossy_cobblestone_stairs":5,"minecraft:stone_brick_slab":10,"minecraft:iron_axe":266,"minecraft:barrel":30,"minecraft:melon_seeds":11,"farmersdelight:cooking_pot":1,"minecraft:cooked_beef":6,"minecraft:cobbled_deepslate":43,"minecraft:iron_leggings":1,"minecraft:wheat_seeds":272,"minecraft:water_bucket":136,"minecraft:cobblestone_stairs":3,"farmersdelight:skillet":1,"meadow:frame":2,"minecraft:cauldron":2,"minecraft:cobblestone_slab":575,"minecraft:deepslate_bricks":22,"minecraft:cracked_stone_bricks":4,"minecraft:mossy_cobblestone":2,"minecraft:crafting_table":6,"minecraft:red_bed":1,"minecraft:campfire":1,"minecraft:cake":2,"meadow:fire_log":2,"minecraft:oak_log":73,"minecraft:diamond_pickaxe":1367,"minecraft:cornflower":2,"minecraft:oxeye_daisy":2,"minecraft:iron_pickaxe":408,"minecraft:spruce_pressure_plate":2,"twilightforest:nagastone_head":4,"minecraft:spruce_sapling":3,"minecraft:stone_axe":195,"minecraft:chiseled_stone_bricks":10,"minecraft:cobblestone":71,"twilightforest:nagastone_pillar":15,"minecraft:bucket":141,"alexsmobs:animal_dictionary":1,"minecraft:dandelion":15},"minecraft:custom":{"minecraft:animals_bred":25,"minecraft:interact_with_crafting_table":129,"minecraft:open_barrel":520,"minecraft:eat_cake_slice":11,"minecraft:leave_game":4,"minecraft:time_since_death":47522,"minecraft:sprint_one_cm":1219916,"minecraft:damage_blocked_by_shield":5115,"minecraft:drop":23,"minecraft:play_noteblock":1,"minecraft:talked_to_villager":5,"minecraft:play_time":498460,"minecraft:deaths":12,"minecraft:jump":5381,"minecraft:walk_on_water_one_cm":73897,"minecraft:interact_with_furnace":54,"minecraft:interact_with_loom":1,"minecraft:sleep_in_bed":1,"minecraft:damage_dealt":13564,"minecraft:player_kills":1,"minecraft:crouch_one_cm":47308,"tombstone:undead_killed":25,"minecraft:use_cauldron":1,"minecraft:interact_with_smithing_table":5,"minecraft:interact_with_anvil":2,"minecraft:mob_kills":70,"minecraft:fill_cauldron":2,"minecraft:climb_one_cm":1344,"minecraft:walk_one_cm":2194379,"minecraft:sneak_time":9834,"minecraft:walk_under_water_one_cm":57124,"minecraft:boat_one_cm":4320,"minecraft:interact_with_blast_furnace":31,"minecraft:total_world_time":498460,"tombstone:raider_killed":3,"minecraft:time_since_rest":47254,"minecraft:damage_taken":7058,"minecraft:swim_one_cm":11806,"minecraft:fly_one_cm":1126479,"minecraft:open_chest":22,"minecraft:fall_one_cm":101143},"minecraft:killed_by":{"minecraft:drowned":1,"minecraft:zombie":2,"minecraft:husk":1,"minecraft:player":2,"twilightforest:naga":1,"minecraft:hoglin":1,"minecraft:skeleton":3,"alexsmobs:crimson_mosquito":1},"minecraft:dropped":{"minecraft:iron_sword":1,"minecraft:pumpkin_pie":5,"minecraft:iron_pickaxe":1,"farmersdelight:egg_sandwich":1,"minecraft:gold_ingot":9,"minecraft:bread":5,"minecraft:torch":11,"minecraft:diamond_sword":1,"farmersdelight:fried_egg":1,"minecraft:diamond_pickaxe":2},"minecraft:picked_up":{"minecraft:iron_chestplate":3,"minecraft:wheat":209,"minecraft:anvil":2,"minecraft:smithing_table":2,"minecraft:diamond_sword":1,"alexscaves:cave_tablet":7,"minecraft:potion":1,"minecraft:nether_brick":1,"alexsmobs:blood_sprayer":1,"minecraft:string":41,"minecraft:raw_copper":57,"minecraft:smooth_stone_slab":2,"minecraft:iron_leggings":2,"minecraft:beetroot":9,"alexsmobs:blood_sac":7,"minecraft:gold_nugget":52,"minecraft:cobbled_deepslate":495,"meadow:enzian":1,"minecraft:spruce_planks":34,"minecraft:cobblestone_slab":203,"twilightforest:dark_chest":1,"minecraft:iron_pickaxe":2,"minecraft:melon_slice":29,"minecraft:furnace":3,"minecraft:iron_boots":2,"minecraft:spruce_pressure_plate":1,"minecraft:stick":81,"mysticsbiomes:lavender":2,"minecraft:torch":19,"twilightforest:cracked_etched_nagastone":5,"tombstone:grave_dust":2,"minecraft:pointed_dripstone":50,"minecraft:cauldron":2,"minecraft:stone_sword":6,"farmersdelight:fried_egg":7,"minecraft:rotten_flesh":41,"minecraft:red_tulip":2,"minecraft:obsidian":19,"minecraft:cod":12,"minecraft:cobblestone":1208,"minecraft:mossy_cobblestone_slab":2,"minecraft:feather":6,"minecraft:cooked_beef":6,"minecraft:andesite":28,"minecraft:brown_wool":4,"minecraft:smoker":1,"minecraft:potato":77,"alexsmobs:bison_fur":1,"minecraft:flint":1,"minecraft:tuff":40,"twilightforest:mossy_nagastone_pillar":1,"skilltree:gem":4,"minecraft:lapis_lazuli":48,"minecraft:dirt":3351,"minecraft:lantern":1,"minecraft:bone":14,"minecraft:chipped_anvil":1,"minecraft:bow":3,"minecraft:wheat_seeds":651,"minecraft:raw_gold":68,"minecraft:grindstone":1,"twilightforest:mangrove_chest":1,"meadow:cobbled_limestone":157,"minecraft:mossy_stone_bricks":2,"minecraft:stone_hoe":3,"minecraft:oak_planks":90,"minecraft:mossy_stone_brick_stairs":4,"artifacts:rooted_boots":1,"minecraft:oak_pressure_plate":1,"minecraft:poisonous_potato":1,"minecraft:sand":89,"minecraft:ink_sac":3,"alexsmobs:animal_dictionary":4,"minecraft:barrel":15,"minecraft:mossy_cobblestone":2,"twilightforest:mossy_etched_nagastone":2,"minecraft:diamond":21,"minecraft:granite":3,"minecraft:golden_apple":1,"minecraft:emerald":1,"minecraft:bread":97,"minecraft:oak_sapling":79,"minecraft:netherrack":373,"minecraft:bricks":2,"minecraft:crimson_roots":1,"iceandfire:raw_silver":9,"minecraft:diamond_pickaxe":6,"minecraft:charcoal":2,"minecraft:crafting_table":3,"minecraft:splash_potion":2,"minecraft:clay_ball":92,"minecraft:golden_pickaxe":1,"minecraft:wooden_pickaxe":5,"twilightforest:nagastone":7,"minecraft:shield":3,"minecraft:cornflower":2,"minecraft:oak_trapdoor":3,"minecraft:red_bed":1,"minecraft:cracked_stone_bricks":4,"mysticsbiomes:jacaranda_boat":2,"twilightforest:nagastone_head":4,"minecraft:beef":6,"minecraft:poppy":5,"minecraft:sugar_cane":476,"minecraft:phantom_membrane":1,"minecraft:egg":14,"minecraft:raw_iron":88,"minecraft:raw_gold_block":5,"minecraft:oak_door":4,"minecraft:fire_charge":2,"minecraft:cake":2,"minecraft:carrot":41,"minecraft:redstone":328,"twilightforest:transformation_chest":1,"minecraft:arrow":13,"minecraft:stone_shovel":3,"twilightforest:etched_nagastone":3,"minecraft:deepslate_bricks":1,"minecraft:hay_block":13,"alexscaves:spelunkery_table":1,"minecraft:gold_ingot":2,"minecraft:oxeye_daisy":2,"minecraft:glow_ink_sac":2,"minecraft:tripwire_hook":3,"minecraft:leather":11,"minecraft:mushroom_stew":1,"minecraft:oak_log":225,"minecraft:chainmail_chestplate":1,"iceandfire:ectoplasm":1,"minecraft:gunpowder":3,"meadow:fire_log":2,"minecraft:nether_wart_block":6,"minecraft:cobblestone_wall":51,"minecraft:cobblestone_stairs":3,"alexsmobs:mosquito_proboscis":2,"minecraft:deepslate_tile_slab":16,"minecraft:paper":6,"minecraft:apple":8,"minecraft:stone_bricks":10,"minecraft:iron_ingot":16,"minecraft:stone_pickaxe":3,"minecraft:glass_bottle":8,"minecraft:soul_sand":38,"minecraft:iron_sword":3,"netherdungeons:hoglin_leg":3,"minecraft:book":3,"meadow:frame":1,"twilightforest:nagastone_pillar":15,"minecraft:pumpkin":21,"minecraft:sweet_berries":91,"minecraft:chiseled_stone_bricks":2,"minecraft:stone_brick_slab":6,"minecraft:quartz":43,"minecraft:dandelion":14,"minecraft:dripstone_block":40,"minecraft:gravel":50,"minecraft:amethyst_shard":2,"minecraft:spruce_sapling":3,"twilightforest:cracked_nagastone_pillar":3,"minecraft:blast_furnace":9,"minecraft:spruce_log":7,"minecraft:spider_eye":8,"minecraft:oak_wood":1,"minecraft:stone_axe":3,"minecraft:iron_helmet":2,"minecraft:mossy_cobblestone_stairs":6,"twilightforest:spiral_bricks":15,"minecraft:coal":144},"minecraft:mined":{"minecraft:oak_sapling":5,"minecraft:obsidian":20,"mysticsbiomes:jacaranda_blossoms":1,"minecraft:granite":1,"minecraft:grass_block":1539,"minecraft:oak_pressure_plate":1,"minecraft:deepslate_bricks":1,"minecraft:chiseled_stone_bricks":1,"minecraft:spawner":2,"minecraft:tall_seagrass":5,"minecraft:cobbled_deepslate":2,"minecraft:iron_ore":11,"minecraft:fire":13,"minecraft:barrel":15,"minecraft:pumpkin":21,"minecraft:anvil":2,"minecraft:pointed_dripstone":9,"meadow:fire_log":1,"minecraft:cave_vines":1,"minecraft:dirt_path":146,"minecraft:spruce_pressure_plate":1,"meadow:frame":1,"minecraft:deepslate_redstone_ore":27,"minecraft:red_bed":1,"minecraft:smoker":1,"minecraft:deepslate_tile_slab":13,"minecraft:clay":30,"minecraft:torch":3,"minecraft:blast_furnace":6,"minecraft:poppy":5,"minecraft:melon":5,"minecraft:nether_quartz_ore":27,"minecraft:cobblestone":23,"minecraft:grindstone":1,"minecraft:sugar_cane":317,"minecraft:bricks":2,"minecraft:wall_torch":7,"twilightforest:mangrove_chest":1,"minecraft:cauldron":2,"minecraft:nether_wart_block":6,"minecraft:wheat":221,"meadow:limestone":66,"minecraft:grass":174,"minecraft:oak_log":232,"minecraft:sand":85,"minecraft:dirt":1506,"mysticsbiomes:jacaranda_leaves":1,"minecraft:potted_red_tulip":1,"minecraft:netherrack":207,"minecraft:oak_leaves":194,"minecraft:deepslate":496,"minecraft:nether_gold_ore":9,"alexscaves:spelunkery_table":1,"minecraft:tuff":41,"iceandfire:silver_ore":4,"minecraft:deepslate_diamond_ore":3,"minecraft:oak_door":1,"minecraft:crimson_roots":1,"minecraft:spruce_leaves":39,"minecraft:hay_block":13,"minecraft:redstone_ore":2,"minecraft:oak_trapdoor":3,"minecraft:furnace":3,"minecraft:carrots":11,"minecraft:andesite":7,"minecraft:bookshelf":1,"minecraft:potatoes":21,"twilightforest:transformation_chest":1,"minecraft:deepslate_iron_ore":36,"minecraft:cobblestone_slab":15,"minecraft:lantern":1,"minecraft:stone":984,"minecraft:smithing_table":2,"minecraft:stone_brick_slab":6,"minecraft:crafting_table":1,"meadow:alpine_coal_ore":13,"minecraft:emerald_ore":1,"minecraft:oak_wood":1,"minecraft:campfire":1,"minecraft:tall_grass":22,"minecraft:copper_ore":1,"minecraft:deepslate_gold_ore":12,"minecraft:cobblestone_wall":27,"minecraft:sweet_berry_bush":20,"twilightforest:dark_chest":1,"minecraft:spruce_log":7,"minecraft:coal_ore":78,"minecraft:gravel":7,"minecraft:dripstone_block":40,"meadow:cobbled_limestone":17,"minecraft:cobweb":32,"minecraft:chipped_anvil":1},"minecraft:broken":{"minecraft:stone_pickaxe":2,"minecraft:stone_axe":1,"minecraft:iron_sword":1,"minecraft:stone_shovel":24,"minecraft:stone_hoe":1,"minecraft:shield":1,"minecraft:iron_axe":1,"minecraft:iron_pickaxe":1},"minecraft:killed":{"minecraft:zombified_piglin":1,"minecraft:spider":7,"minecraft:skeleton":10,"artifacts:mimic":1,"minecraft:zombie_villager":2,"minecraft:creeper":3,"alexsmobs:crimson_mosquito":6,"minecraft:zombie":29,"minecraft:phantom":3,"twilightforest:naga":1,"minecraft:drowned":3,"alexsmobs:bison":1,"minecraft:hoglin":1,"alexsmobs:cockroach":1,"iceandfire:ghost":1},"minecraft:crafted":{"minecraft:brick":32,"minecraft:oak_planks":396,"minecraft:cobblestone_slab":582,"minecraft:barrel":15,"minecraft:oak_pressure_plate":1,"minecraft:stone":112,"minecraft:nether_brick":14,"minecraft:spruce_pressure_plate":1,"spartanshields:iron_basic_shield":1,"minecraft:stone_brick_slab":30,"minecraft:iron_boots":1,"minecraft:melon_seeds":11,"minecraft:chiseled_stone_bricks":10,"minecraft:bricks":5,"minecraft:stone_hoe":4,"minecraft:stone_bricks":16,"farmersdelight:stove":1,"minecraft:oak_slab":30,"minecraft:wooden_shovel":1,"minecraft:crafting_table":5,"minecraft:spruce_planks":28,"farmersdelight:iron_knife":1,"minecraft:wooden_pickaxe":1,"minecraft:iron_helmet":1,"farmersdelight:egg_sandwich":1,"minecraft:oak_wood":6,"minecraft:pumpkin_seeds":28,"minecraft:campfire":3,"farmersdelight:skillet":1,"farmersdelight:cutting_board":1,"minecraft:iron_chestplate":1,"minecraft:diamond_pickaxe":1,"minecraft:charcoal":20,"minecraft:shield":1,"minecraft:stick":120,"minecraft:iron_ingot":71,"minecraft:iron_pickaxe":2,"minecraft:stone_sword":1,"minecraft:gold_ingot":23,"spartanshields:wooden_basic_shield":1,"minecraft:deepslate_bricks":60,"meadow:frame":1,"minecraft:deepslate_tile_slab":72,"minecraft:oak_door":6,"minecraft:raw_iron":18,"minecraft:stone_shovel":29,"minecraft:furnace":2,"minecraft:bone_meal":3,"minecraft:oak_trapdoor":2,"minecraft:flint_and_steel":1,"minecraft:polished_deepslate":60,"minecraft:iron_axe":1,"minecraft:stone_pickaxe":5,"minecraft:cobblestone_wall":564,"minecraft:golden_helmet":1,"alexsmobs:blood_sprayer":1,"minecraft:wheat":117,"minecraft:diamond_sword":1,"minecraft:iron_sword":1,"farmersdelight:cooking_pot":1,"minecraft:bucket":8,"minecraft:deepslate_tiles":36,"minecraft:stone_axe":2,"minecraft:bread":80,"minecraft:air":0,"minecraft:oak_fence_gate":6,"minecraft:iron_shovel":1,"minecraft:iron_leggings":1,"minecraft:torch":124}},"DataVersion":3465}