{"stats":{"minecraft:used":{"minecraft:stone_sword":55,"minecraft:flint_and_steel":9,"mysticsbiomes:butterfly_nest":1,"minecraft:chest":17,"minecraft:shield":6,"minecraft:iron_sword":13,"minecraft:netherrack":33,"minecraft:torch":118,"minecraft:dirt":36,"minecraft:mutton":1,"minecraft:anvil":1,"minecraft:carrot":11,"meadow:cobbled_limestone":2,"minecraft:shroomlight":6,"minecraft:wooden_axe":61,"mysticsbiomes:jacaranda_planks":164,"minecraft:birch_sapling":4,"minecraft:barrel":3,"minecraft:basalt":30,"minecraft:sweet_berries":17,"minecraft:oak_sapling":2,"minecraft:furnace":6,"tombstone:gift":2,"minecraft:cobbled_deepslate":148,"minecraft:pointed_dripstone":3,"farmersdelight:fried_egg":1,"minecraft:wheat_seeds":19,"minecraft:water_bucket":11,"minecraft:damaged_anvil":1,"minecraft:diorite":11,"minecraft:amethyst_block":2,"mysticsbiomes:jacaranda_sapling":35,"minecraft:birch_planks":78,"minecraft:oak_planks":25,"minecraft:stone_pickaxe":508,"mysticsbiomes:jacaranda_log":3,"minecraft:wooden_pickaxe":68,"minecraft:diamond_axe":213,"spartanshields:iron_tower_shield":21,"mysticsbiomes:jacaranda_door":3,"minecraft:crafting_table":11,"minecraft:dripstone_block":6,"minecraft:smoker":1,"minecraft:diamond_pickaxe":2122,"minecraft:apple":10,"mysticsbiomes:jacaranda_pressure_plate":2,"minecraft:melon_slice":2,"minecraft:bread":30,"minecraft:iron_pickaxe":344,"minecraft:gravel":1,"mysticsbiomes:lavender":7,"minecraft:diamond_sword":107,"minecraft:wooden_sword":45,"minecraft:cobblestone":5,"minecraft:porkchop":2,"minecraft:cooked_porkchop":2,"minecraft:golden_pickaxe":32,"minecraft:bucket":11,"meadow:pine_log":4,"minecraft:yellow_bed":1},"minecraft:custom":{"minecraft:interact_with_anvil":5,"minecraft:mob_kills":48,"minecraft:interact_with_crafting_table":46,"minecraft:open_barrel":6,"minecraft:leave_game":9,"minecraft:time_since_death":892,"minecraft:climb_one_cm":492,"minecraft:sprint_one_cm":457001,"minecraft:walk_one_cm":897171,"minecraft:damage_blocked_by_shield":1319,"minecraft:drop":96,"minecraft:play_time":362444,"minecraft:deaths":15,"minecraft:sneak_time":6618,"minecraft:walk_under_water_one_cm":5432,"minecraft:jump":1911,"minecraft:interact_with_brewingstand":1,"minecraft:interact_with_blast_furnace":1,"minecraft:walk_on_water_one_cm":20930,"minecraft:total_world_time":362444,"minecraft:interact_with_furnace":31,"minecraft:time_since_rest":373,"tombstone:sneak_grave":1,"minecraft:damage_taken":5288,"minecraft:damage_dealt":4009,"minecraft:player_kills":1,"minecraft:swim_one_cm":10787,"minecraft:fly_one_cm":139519,"minecraft:open_chest":200,"minecraft:crouch_one_cm":12827,"tombstone:undead_killed":2,"minecraft:fall_one_cm":30736,"minecraft:interact_with_smoker":2},"minecraft:killed_by":{"minecraft:ghast":1,"minecraft:player":1,"minecraft:piglin_brute":2,"minecraft:spider":1,"alexsmobs:straddler":1},"minecraft:dropped":{"minecraft:iron_sword":1,"minecraft:golden_pickaxe":1,"minecraft:diamond":42,"minecraft:dripstone_block":1,"minecraft:cooked_porkchop":2,"minecraft:cobblestone":32,"minecraft:granite":4,"minecraft:stick":4,"minecraft:dirt":4,"minecraft:diorite":2,"minecraft:torch":18,"minecraft:melon_slice":28,"skilltree:gem":13,"minecraft:gold_nugget":77,"minecraft:iron_pickaxe":6,"minecraft:gravel":48,"minecraft:furnace":1,"minecraft:ancient_debris":4,"minecraft:cobbled_deepslate":1028,"minecraft:tuff":38,"minecraft:pointed_dripstone":1,"minecraft:oak_planks":15,"minecraft:glowstone_dust":3,"meadow:cobbled_limestone":46,"farmersdelight:fried_egg":1,"minecraft:diamond_pickaxe":2,"minecraft:andesite":7,"minecraft:stone_pickaxe":8,"minecraft:quartz":45,"minecraft:netherrack":88},"minecraft:picked_up":{"minecraft:wooden_axe":3,"minecraft:charcoal":2,"minecraft:crafting_table":10,"minecraft:wheat":15,"minecraft:anvil":3,"minecraft:wooden_pickaxe":4,"minecraft:gold_block":3,"minecraft:amethyst_block":81,"minecraft:raw_copper":115,"mysticsbiomes:jacaranda_log":50,"minecraft:flint_and_steel":1,"minecraft:blackstone":5,"minecraft:shroomlight":9,"minecraft:cobbled_deepslate":2265,"minecraft:candle":4,"minecraft:gold_nugget":302,"meadow:enzian":1,"minecraft:calcite":6,"minecraft:iron_pickaxe":4,"mysticsbiomes:butterfly_nest":1,"minecraft:melon_slice":38,"minecraft:chest":8,"minecraft:birch_sapling":4,"minecraft:furnace":8,"minecraft:stick":32,"minecraft:raw_iron":53,"mysticsbiomes:lavender":13,"minecraft:torch":71,"minecraft:porkchop":6,"minecraft:pointed_dripstone":12,"minecraft:diorite":19,"minecraft:carrot":4,"minecraft:redstone":364,"minecraft:stone_sword":1,"farmersdelight:fried_egg":2,"netherdungeons:shroomglight":8,"minecraft:gold_ingot":1,"mysticsbiomes:jacaranda_planks":30,"minecraft:mutton":3,"meadow:rocky_wool":1,"minecraft:cobblestone":114,"minecraft:birch_log":23,"minecraft:magma_block":9,"minecraft:basalt":53,"minecraft:crimson_stem":5,"minecraft:andesite":7,"minecraft:smoker":3,"mysticsbiomes:jacaranda_pressure_plate":1,"minecraft:birch_planks":16,"minecraft:flint":10,"minecraft:tuff":58,"mysticsbiomes:jacaranda_sapling":38,"minecraft:oak_log":13,"minecraft:ancient_debris":4,"minecraft:yellow_bed":1,"minecraft:nether_wart_block":4,"minecraft:lantern":1,"minecraft:lapis_lazuli":244,"meadow:pine_planks":85,"skilltree:gem":36,"minecraft:dirt":132,"minecraft:name_tag":1,"minecraft:bone":2,"minecraft:wheat_seeds":44,"minecraft:raw_gold":68,"meadow:pine_sapling":6,"minecraft:iron_ingot":6,"minecraft:stone_pickaxe":6,"meadow:cobbled_limestone":310,"artifacts:antidote_vessel":3,"minecraft:glowstone_dust":33,"minecraft:iron_sword":3,"minecraft:oak_planks":116,"minecraft:soul_sand":4,"minecraft:warped_fungus":1,"minecraft:smooth_basalt":4,"spartanshields:iron_tower_shield":1,"minecraft:pumpkin":3,"minecraft:sweet_berries":39,"minecraft:warped_wart_block":7,"minecraft:quartz":296,"minecraft:dripstone_block":7,"minecraft:gravel":126,"minecraft:amethyst_shard":179,"minecraft:nether_brick_stairs":3,"minecraft:nether_brick_slab":1,"meadow:pine_log":16,"minecraft:barrel":3,"minecraft:diamond":181,"minecraft:granite":22,"netherdungeons:ominous_quartz_bricks":4,"minecraft:bread":1,"minecraft:netherrack":833,"minecraft:oak_sapling":2,"minecraft:damaged_anvil":1,"minecraft:black_wool":3,"minecraft:coal":29,"iceandfire:raw_silver":9,"minecraft:diamond_pickaxe":3},"minecraft:mined":{"minecraft:nether_gold_ore":52,"minecraft:tuff":73,"mysticsbiomes:lavender":16,"minecraft:oak_sapling":1,"mysticsbiomes:jacaranda_log":53,"minecraft:deepslate_diamond_ore":63,"minecraft:candle":1,"mysticsbiomes:jacaranda_blossoms":35,"minecraft:grass_block":27,"meadow:pine_log":16,"mysticsbiomes:jacaranda_pressure_plate":1,"iceandfire:deepslate_silver_ore":1,"minecraft:crimson_stem":10,"minecraft:spawner":2,"minecraft:large_fern":1,"mysticsbiomes:jacaranda_planks":27,"minecraft:magma_block":33,"minecraft:glowstone":1,"minecraft:furnace":3,"minecraft:carrots":2,"minecraft:iron_ore":10,"minecraft:barrel":3,"minecraft:fire":20,"minecraft:cobbled_deepslate":20,"meadow:fire_lily":1,"minecraft:pumpkin":3,"minecraft:deepslate_lapis_ore":11,"minecraft:nether_brick_stairs":4,"minecraft:gold_block":3,"netherdungeons:shroomglight":11,"minecraft:shroomlight":11,"minecraft:deepslate_iron_ore":14,"minecraft:lantern":1,"meadow:pine_leaves":6,"minecraft:stone":81,"minecraft:deepslate_redstone_ore":26,"minecraft:blackstone":6,"minecraft:amethyst_cluster":4,"minecraft:crimson_nylium":4,"minecraft:basalt":68,"minecraft:crafting_table":8,"minecraft:torch":1,"meadow:alpine_coal_ore":3,"netherdungeons:ominous_quartz_bricks":4,"minecraft:calcite":3,"minecraft:melon":3,"minecraft:warped_roots":1,"minecraft:chest":8,"minecraft:nether_brick_slab":1,"minecraft:campfire":1,"minecraft:nether_quartz_ore":76,"minecraft:copper_ore":3,"minecraft:tall_grass":5,"minecraft:cobblestone":3,"minecraft:deepslate_gold_ore":8,"minecraft:lapis_ore":4,"minecraft:oak_planks":17,"minecraft:sugar_cane":1,"minecraft:damaged_anvil":1,"minecraft:wall_torch":66,"minecraft:diorite":1,"minecraft:amethyst_block":2,"minecraft:warped_wart_block":7,"minecraft:birch_planks":15,"minecraft:nether_wart_block":6,"minecraft:birch_log":23,"minecraft:wheat":17,"minecraft:birch_leaves":3,"minecraft:warped_fungus":1,"minecraft:yellow_bed":1,"meadow:limestone":237,"minecraft:grass":5,"minecraft:coal_ore":20,"minecraft:oak_log":13,"minecraft:gravel":53,"minecraft:dirt":52,"meadow:cobbled_limestone":1,"mysticsbiomes:jacaranda_leaves":23,"minecraft:smooth_basalt":4,"mysticsbiomes:jacaranda_sapling":1,"minecraft:ancient_debris":3,"minecraft:netherrack":911,"minecraft:deepslate":1151,"minecraft:oak_leaves":13,"mysticsbiomes:butterfly_nest":1,"minecraft:fern":1,"minecraft:infested_stone":2,"minecraft:infested_deepslate":3},"minecraft:broken":{"minecraft:wooden_pickaxe":1,"minecraft:stone_pickaxe":3,"minecraft:diamond_pickaxe":1,"minecraft:iron_pickaxe":2,"minecraft:golden_pickaxe":1},"minecraft:killed":{"minecraft:zombified_piglin":2,"minecraft:silverfish":7,"minecraft:piglin_brute":1,"artifacts:mimic":1,"minecraft:magma_cube":25,"minecraft:pig":2,"minecraft:salmon":1,"mysticsbiomes:butterfly":1,"alexsmobs:stradpole":1,"minecraft:sheep":2,"alexsmobs:catfish":1,"minecraft:goat":2,"alexsmobs:fly":1},"minecraft:crafted":{"minecraft:wooden_sword":1,"minecraft:oak_planks":52,"minecraft:furnace":3,"minecraft:diamond_leggings":1,"minecraft:iron_boots":1,"mysticsbiomes:jacaranda_door":3,"minecraft:stone_pickaxe":10,"minecraft:chest":9,"mysticsbiomes:jacaranda_planks":188,"minecraft:crimson_planks":20,"minecraft:diamond_sword":1,"minecraft:cooked_porkchop":4,"minecraft:diamond_axe":1,"minecraft:crafting_table":5,"minecraft:wooden_pickaxe":1,"minecraft:iron_helmet":1,"minecraft:iron_sword":2,"minecraft:golden_pickaxe":2,"minecraft:birch_planks":92,"minecraft:air":0,"minecraft:bread":5,"meadow:pine_planks":48,"minecraft:diamond_pickaxe":1,"minecraft:shield":1,"minecraft:stick":64,"minecraft:iron_ingot":40,"minecraft:iron_pickaxe":5,"minecraft:wooden_axe":2,"minecraft:stone_sword":1,"minecraft:gold_ingot":7,"minecraft:torch":72,"mysticsbiomes:jacaranda_pressure_plate":2,"minecraft:diamond_chestplate":1}},"DataVersion":3465}