{"stats":{"minecraft:used":{"mysticsbiomes:butterfly_nest":1,"minecraft:chest":17,"minecraft:shield":6,"minecraft:iron_sword":13,"minecraft:mutton":1,"minecraft:carrot":11,"meadow:cobbled_limestone":2,"minecraft:lantern":4,"mysticsbiomes:jacaranda_planks":167,"minecraft:birch_sapling":4,"minecraft:sweet_berries":17,"minecraft:furnace":6,"minecraft:oak_sapling":2,"minecraft:diorite":11,"minecraft:damaged_anvil":1,"minecraft:stone_pickaxe":508,"minecraft:oak_planks":25,"mysticsbiomes:jacaranda_log":3,"minecraft:blackstone":10,"minecraft:wooden_pickaxe":68,"minecraft:diamond_axe":263,"mysticsbiomes:jacaranda_door":3,"minecraft:crossbow":1,"minecraft:dripstone_block":6,"mysticsbiomes:jacaranda_pressure_plate":2,"minecraft:bread":42,"minecraft:melon_slice":2,"minecraft:gravel":1,"mysticsbiomes:lavender":7,"minecraft:diamond_sword":115,"minecraft:wooden_sword":45,"minecraft:golden_pickaxe":32,"minecraft:netherite_sword":2,"minecraft:stone_sword":55,"minecraft:flint_and_steel":9,"minecraft:netherrack":120,"minecraft:torch":121,"minecraft:dirt":36,"minecraft:warped_wart_block":9,"minecraft:anvil":1,"minecraft:shroomlight":9,"minecraft:wooden_axe":61,"minecraft:barrel":3,"minecraft:basalt":39,"tombstone:gift":8,"minecraft:cobbled_deepslate":148,"farmersdelight:fried_egg":1,"minecraft:pointed_dripstone":3,"minecraft:wheat_seeds":19,"minecraft:cooked_mutton":1,"minecraft:water_bucket":11,"minecraft:amethyst_block":2,"minecraft:birch_planks":78,"mysticsbiomes:jacaranda_sapling":35,"netherdungeons:shroomglight":13,"spartanshields:iron_tower_shield":32,"minecraft:polished_blackstone_bricks":39,"minecraft:gilded_blackstone":1,"minecraft:crafting_table":11,"minecraft:smoker":1,"minecraft:diamond_pickaxe":2285,"minecraft:apple":10,"minecraft:iron_pickaxe":344,"minecraft:cobblestone":5,"minecraft:cooked_porkchop":2,"minecraft:porkchop":2,"minecraft:bucket":11,"minecraft:yellow_bed":1,"meadow:pine_log":4},"minecraft:custom":{"minecraft:interact_with_crafting_table":51,"minecraft:open_barrel":18,"minecraft:leave_game":9,"minecraft:time_since_death":32161,"minecraft:sprint_one_cm":487086,"minecraft:damage_blocked_by_shield":2474,"minecraft:drop":107,"minecraft:play_time":410444,"minecraft:deaths":18,"minecraft:jump":2190,"minecraft:interact_with_brewingstand":1,"minecraft:walk_on_water_one_cm":20930,"minecraft:interact_with_furnace":42,"minecraft:sleep_in_bed":1,"tombstone:sneak_grave":1,"minecraft:damage_dealt":4384,"minecraft:player_kills":1,"minecraft:crouch_one_cm":17910,"tombstone:undead_killed":2,"minecraft:interact_with_smoker":2,"minecraft:interact_with_smithing_table":1,"minecraft:mob_kills":49,"minecraft:interact_with_anvil":7,"minecraft:climb_one_cm":492,"minecraft:walk_one_cm":1010055,"minecraft:sneak_time":9051,"minecraft:walk_under_water_one_cm":5432,"minecraft:interact_with_blast_furnace":1,"minecraft:total_world_time":410444,"minecraft:time_since_rest":7101,"minecraft:damage_taken":6872,"minecraft:swim_one_cm":10787,"minecraft:fly_one_cm":147004,"minecraft:open_chest":268,"minecraft:fall_one_cm":35523},"minecraft:killed_by":{"minecraft:ghast":1,"minecraft:piglin_brute":3,"alexsmobs:straddler":1,"minecraft:piglin":1,"minecraft:player":1,"minecraft:spider":1},"minecraft:dropped":{"minecraft:nether_brick_stairs":6,"minecraft:iron_sword":1,"minecraft:golden_pickaxe":1,"minecraft:diamond":42,"minecraft:cooked_porkchop":2,"minecraft:netherite_upgrade_smithing_template":6,"minecraft:dirt":4,"minecraft:gold_nugget":77,"minecraft:iron_pickaxe":6,"minecraft:gravel":48,"minecraft:ancient_debris":4,"minecraft:cobbled_deepslate":1028,"minecraft:pointed_dripstone":1,"minecraft:oak_planks":15,"minecraft:glowstone_dust":3,"minecraft:basalt":14,"minecraft:quartz":45,"minecraft:netherrack":278,"minecraft:dripstone_block":1,"minecraft:cobblestone":32,"minecraft:granite":4,"minecraft:golden_apple":1,"minecraft:stick":4,"minecraft:diorite":2,"minecraft:torch":18,"minecraft:melon_slice":28,"skilltree:gem":13,"minecraft:nether_brick_slab":1,"minecraft:furnace":1,"minecraft:tuff":38,"minecraft:diamond_sword":1,"meadow:cobbled_limestone":46,"farmersdelight:fried_egg":1,"minecraft:diamond_pickaxe":2,"minecraft:andesite":7,"minecraft:stone_pickaxe":8,"minecraft:magma_block":9},"minecraft:picked_up":{"minecraft:wooden_axe":3,"minecraft:wheat":15,"minecraft:anvil":3,"minecraft:enchanted_book":1,"minecraft:gilded_blackstone":3,"minecraft:amethyst_block":81,"minecraft:raw_copper":115,"mysticsbiomes:jacaranda_log":50,"minecraft:shroomlight":9,"minecraft:gold_nugget":388,"minecraft:cobbled_deepslate":2265,"meadow:enzian":1,"minecraft:calcite":6,"minecraft:netherite_upgrade_smithing_template":6,"minecraft:iron_pickaxe":4,"mysticsbiomes:butterfly_nest":1,"minecraft:melon_slice":38,"minecraft:furnace":8,"minecraft:stick":42,"minecraft:torch":74,"mysticsbiomes:lavender":13,"minecraft:porkchop":6,"minecraft:pointed_dripstone":12,"minecraft:diorite":19,"farmersdelight:fried_egg":2,"minecraft:stone_sword":1,"netherdungeons:shroomglight":13,"mysticsbiomes:jacaranda_planks":42,"meadow:rocky_wool":1,"minecraft:cobblestone":114,"minecraft:birch_log":23,"minecraft:magma_block":9,"minecraft:andesite":7,"minecraft:smoker":3,"minecraft:flint":10,"minecraft:tuff":58,"skilltree:gem":37,"minecraft:lapis_lazuli":244,"minecraft:dirt":132,"minecraft:lantern":4,"minecraft:name_tag":1,"minecraft:bone":2,"minecraft:wheat_seeds":44,"minecraft:raw_gold":68,"meadow:cobbled_limestone":310,"artifacts:antidote_vessel":3,"minecraft:glowstone_dust":53,"minecraft:oak_planks":116,"spartanshields:iron_tower_shield":1,"minecraft:warped_wart_block":9,"minecraft:nether_brick_stairs":9,"minecraft:barrel":3,"minecraft:diamond":181,"minecraft:granite":22,"minecraft:bread":1,"minecraft:oak_sapling":8,"minecraft:netherrack":982,"iceandfire:raw_silver":9,"minecraft:diamond_pickaxe":3,"minecraft:charcoal":2,"minecraft:crafting_table":10,"minecraft:wooden_pickaxe":4,"minecraft:gold_block":18,"minecraft:flint_and_steel":1,"minecraft:blackstone":13,"minecraft:candle":4,"minecraft:netherite_sword":1,"minecraft:chest":8,"minecraft:birch_sapling":4,"minecraft:raw_iron":53,"minecraft:polished_blackstone_bricks":50,"minecraft:carrot":4,"minecraft:redstone":364,"minecraft:gold_ingot":18,"minecraft:mutton":3,"minecraft:basalt":54,"minecraft:crimson_stem":5,"mysticsbiomes:jacaranda_pressure_plate":1,"minecraft:birch_planks":18,"mysticsbiomes:jacaranda_sapling":38,"minecraft:oak_log":39,"minecraft:ancient_debris":4,"minecraft:nether_wart_block":4,"minecraft:yellow_bed":1,"meadow:pine_planks":85,"tombstone:gift":1,"minecraft:apple":3,"minecraft:iron_ingot":6,"meadow:pine_sapling":6,"minecraft:stone_pickaxe":6,"minecraft:soul_sand":4,"minecraft:iron_sword":3,"minecraft:smooth_basalt":4,"minecraft:warped_fungus":1,"minecraft:pumpkin":3,"minecraft:sweet_berries":39,"minecraft:quartz":364,"minecraft:dripstone_block":7,"minecraft:gravel":126,"minecraft:amethyst_shard":179,"minecraft:nether_brick_slab":1,"meadow:pine_log":16,"netherdungeons:ominous_quartz_bricks":4,"minecraft:damaged_anvil":1,"minecraft:black_wool":3,"minecraft:coal":29,"minecraft:ender_pearl":1},"minecraft:mined":{"mysticsbiomes:lavender":16,"minecraft:oak_sapling":1,"mysticsbiomes:jacaranda_log":53,"mysticsbiomes:jacaranda_blossoms":35,"minecraft:chiseled_polished_blackstone":1,"minecraft:grass_block":27,"meadow:pine_log":16,"minecraft:cracked_polished_blackstone_bricks":3,"minecraft:gilded_blackstone":6,"minecraft:spawner":2,"minecraft:polished_blackstone_bricks":69,"minecraft:magma_block":33,"minecraft:glowstone":10,"minecraft:cobbled_deepslate":20,"minecraft:fire":20,"minecraft:iron_ore":10,"minecraft:barrel":3,"minecraft:pumpkin":3,"minecraft:deepslate_lapis_ore":11,"minecraft:nether_brick_stairs":4,"netherdungeons:shroomglight":16,"minecraft:deepslate_redstone_ore":26,"minecraft:blackstone":12,"minecraft:crimson_nylium":4,"minecraft:amethyst_cluster":4,"minecraft:torch":1,"minecraft:calcite":3,"netherdungeons:ominous_quartz_bricks":4,"minecraft:melon":3,"minecraft:chest":8,"minecraft:nether_brick_slab":1,"minecraft:smooth_quartz_slab":2,"minecraft:nether_quartz_ore":76,"minecraft:cobblestone":3,"minecraft:sugar_cane":1,"minecraft:oak_planks":17,"minecraft:damaged_anvil":1,"minecraft:wall_torch":72,"minecraft:amethyst_block":2,"minecraft:nether_wart_block":6,"minecraft:birch_log":23,"minecraft:wheat":17,"minecraft:warped_fungus":1,"meadow:limestone":237,"minecraft:grass":6,"minecraft:oak_log":44,"minecraft:dirt":52,"mysticsbiomes:jacaranda_leaves":23,"minecraft:smooth_basalt":4,"minecraft:netherrack":936,"minecraft:ancient_debris":3,"minecraft:oak_leaves":13,"mysticsbiomes:butterfly_nest":1,"minecraft:deepslate":1151,"minecraft:infested_deepslate":3,"minecraft:nether_gold_ore":52,"minecraft:tuff":73,"minecraft:deepslate_diamond_ore":63,"minecraft:candle":1,"mysticsbiomes:jacaranda_pressure_plate":1,"iceandfire:deepslate_silver_ore":1,"minecraft:crimson_stem":10,"minecraft:large_fern":1,"mysticsbiomes:jacaranda_planks":40,"minecraft:furnace":3,"minecraft:carrots":2,"meadow:fire_lily":1,"minecraft:gold_block":19,"minecraft:deepslate_iron_ore":14,"minecraft:shroomlight":11,"minecraft:lantern":4,"meadow:pine_leaves":6,"minecraft:stone":81,"minecraft:basalt":69,"minecraft:crafting_table":8,"meadow:alpine_coal_ore":3,"minecraft:warped_roots":1,"minecraft:campfire":1,"minecraft:tall_grass":5,"minecraft:copper_ore":3,"minecraft:lapis_ore":4,"minecraft:deepslate_gold_ore":8,"minecraft:polished_blackstone_brick_stairs":5,"minecraft:diorite":1,"minecraft:warped_wart_block":9,"minecraft:birch_planks":20,"minecraft:birch_leaves":3,"minecraft:yellow_bed":1,"minecraft:coal_ore":20,"minecraft:gravel":53,"meadow:cobbled_limestone":1,"mysticsbiomes:jacaranda_sapling":1,"minecraft:infested_stone":2,"minecraft:fern":1},"minecraft:broken":{"minecraft:stone_pickaxe":3,"minecraft:diamond_pickaxe":1,"minecraft:wooden_pickaxe":1,"minecraft:iron_pickaxe":2,"minecraft:golden_pickaxe":1},"minecraft:killed":{"minecraft:zombified_piglin":2,"minecraft:silverfish":7,"minecraft:piglin_brute":1,"artifacts:mimic":1,"minecraft:magma_cube":25,"minecraft:piglin":1,"minecraft:pig":2,"minecraft:salmon":1,"mysticsbiomes:butterfly":1,"alexsmobs:stradpole":1,"minecraft:sheep":2,"minecraft:goat":2,"alexsmobs:fly":1,"alexsmobs:catfish":1},"minecraft:crafted":{"minecraft:oak_planks":52,"minecraft:cooked_mutton":1,"minecraft:diamond_leggings":1,"minecraft:iron_boots":1,"minecraft:chest":9,"minecraft:golden_boots":1,"minecraft:diamond_axe":1,"minecraft:cooked_porkchop":4,"minecraft:crafting_table":5,"minecraft:wooden_pickaxe":1,"minecraft:iron_helmet":1,"minecraft:golden_pickaxe":2,"minecraft:birch_planks":92,"meadow:pine_planks":48,"minecraft:diamond_pickaxe":1,"minecraft:shield":1,"minecraft:stick":64,"minecraft:iron_pickaxe":5,"minecraft:iron_ingot":49,"minecraft:stone_sword":1,"minecraft:gold_ingot":169,"minecraft:wooden_sword":1,"minecraft:furnace":3,"mysticsbiomes:jacaranda_door":3,"minecraft:stone_pickaxe":10,"mysticsbiomes:jacaranda_planks":188,"minecraft:golden_helmet":1,"minecraft:crimson_planks":20,"minecraft:diamond_sword":1,"minecraft:iron_sword":2,"minecraft:bread":5,"minecraft:air":0,"minecraft:golden_apple":3,"minecraft:wooden_axe":2,"mysticsbiomes:jacaranda_pressure_plate":2,"minecraft:torch":72,"minecraft:diamond_chestplate":1}},"DataVersion":3465}