{"stats":{"minecraft:crafted":{"minecraft:wooden_sword":1,"minecraft:oak_planks":52,"minecraft:furnace":1,"minecraft:stone_pickaxe":10,"minecraft:chest":2,"mysticsbiomes:jacaranda_planks":24,"minecraft:cooked_porkchop":4,"minecraft:crafting_table":3,"minecraft:wooden_pickaxe":1,"minecraft:iron_sword":2,"minecraft:golden_pickaxe":2,"minecraft:bread":5,"minecraft:air":0,"meadow:pine_planks":48,"minecraft:stick":56,"minecraft:iron_pickaxe":5,"minecraft:iron_ingot":24,"minecraft:wooden_axe":2,"minecraft:stone_sword":1,"minecraft:gold_ingot":7,"minecraft:torch":52},"minecraft:killed_by":{"minecraft:player":1,"minecraft:spider":1},"minecraft:custom":{"minecraft:mob_kills":11,"minecraft:interact_with_anvil":2,"minecraft:interact_with_crafting_table":33,"minecraft:leave_game":6,"minecraft:time_since_death":3980,"minecraft:sprint_one_cm":164724,"minecraft:walk_one_cm":341344,"minecraft:drop":59,"minecraft:play_time":163736,"minecraft:deaths":6,"minecraft:sneak_time":359,"minecraft:walk_under_water_one_cm":844,"minecraft:jump":854,"minecraft:interact_with_brewingstand":1,"minecraft:walk_on_water_one_cm":6155,"minecraft:total_world_time":163736,"minecraft:interact_with_furnace":24,"minecraft:time_since_rest":4042,"minecraft:damage_taken":1517,"minecraft:damage_dealt":1918,"minecraft:fly_one_cm":42398,"minecraft:player_kills":1,"minecraft:open_chest":34,"minecraft:crouch_one_cm":732,"minecraft:interact_with_smoker":1,"minecraft:fall_one_cm":11120},"minecraft:broken":{"minecraft:wooden_pickaxe":1,"minecraft:stone_pickaxe":3,"minecraft:iron_pickaxe":2,"minecraft:golden_pickaxe":1},"minecraft:killed":{"minecraft:silverfish":5,"artifacts:mimic":1,"minecraft:pig":2,"minecraft:sheep":1,"minecraft:goat":2},"minecraft:used":{"minecraft:stone_sword":55,"minecraft:chest":2,"minecraft:iron_sword":11,"minecraft:torch":62,"minecraft:dirt":8,"minecraft:mutton":1,"minecraft:anvil":1,"minecraft:wooden_axe":61,"minecraft:sweet_berries":17,"minecraft:oak_sapling":1,"minecraft:furnace":4,"minecraft:cobbled_deepslate":73,"minecraft:pointed_dripstone":3,"minecraft:wheat_seeds":19,"minecraft:diorite":11,"minecraft:birch_planks":22,"minecraft:stone_pickaxe":507,"minecraft:oak_planks":25,"minecraft:wooden_pickaxe":68,"minecraft:crafting_table":9,"minecraft:dripstone_block":6,"minecraft:smoker":1,"minecraft:apple":1,"minecraft:bread":5,"minecraft:melon_slice":2,"minecraft:iron_pickaxe":344,"minecraft:gravel":1,"minecraft:wooden_sword":45,"minecraft:cobblestone":5,"minecraft:porkchop":2,"minecraft:cooked_porkchop":2,"minecraft:yellow_bed":1,"meadow:pine_log":4,"minecraft:golden_pickaxe":32},"minecraft:picked_up":{"minecraft:wooden_axe":3,"minecraft:crafting_table":10,"minecraft:wheat":15,"minecraft:anvil":3,"minecraft:wooden_pickaxe":3,"minecraft:amethyst_block":53,"minecraft:raw_copper":70,"mysticsbiomes:jacaranda_log":6,"minecraft:cobbled_deepslate":1610,"minecraft:candle":4,"minecraft:calcite":3,"minecraft:iron_pickaxe":4,"minecraft:melon_slice":38,"minecraft:furnace":8,"minecraft:stick":7,"minecraft:raw_iron":46,"minecraft:torch":32,"mysticsbiomes:lavender":6,"minecraft:porkchop":6,"minecraft:pointed_dripstone":12,"minecraft:diorite":19,"minecraft:redstone":183,"minecraft:gold_ingot":1,"mysticsbiomes:jacaranda_planks":5,"minecraft:mutton":1,"minecraft:cobblestone":109,"minecraft:andesite":7,"minecraft:smoker":3,"minecraft:flint":5,"minecraft:tuff":34,"mysticsbiomes:jacaranda_sapling":3,"minecraft:oak_log":13,"minecraft:yellow_bed":1,"minecraft:lapis_lazuli":160,"meadow:pine_planks":85,"minecraft:dirt":13,"minecraft:wheat_seeds":44,"minecraft:raw_gold":68,"minecraft:stone_pickaxe":6,"minecraft:iron_ingot":6,"meadow:pine_sapling":4,"meadow:cobbled_limestone":60,"artifacts:antidote_vessel":1,"minecraft:oak_planks":102,"minecraft:iron_sword":3,"minecraft:smooth_basalt":4,"minecraft:sweet_berries":39,"minecraft:dripstone_block":7,"minecraft:gravel":89,"minecraft:amethyst_shard":114,"meadow:pine_log":16,"minecraft:diamond":136,"minecraft:granite":4,"minecraft:bread":1,"minecraft:oak_sapling":1,"minecraft:netherrack":2,"minecraft:black_wool":2,"minecraft:coal":29,"iceandfire:raw_silver":3},"minecraft:dropped":{"minecraft:iron_sword":1,"minecraft:golden_pickaxe":1,"minecraft:dripstone_block":1,"minecraft:cooked_porkchop":2,"minecraft:cobblestone":32,"minecraft:granite":4,"minecraft:stick":4,"minecraft:dirt":4,"minecraft:diorite":2,"minecraft:torch":18,"minecraft:melon_slice":28,"minecraft:iron_pickaxe":6,"minecraft:gravel":48,"minecraft:furnace":1,"minecraft:cobbled_deepslate":772,"minecraft:tuff":32,"minecraft:pointed_dripstone":1,"minecraft:oak_planks":15,"meadow:cobbled_limestone":46,"minecraft:andesite":7,"minecraft:stone_pickaxe":8},"minecraft:mined":{"minecraft:tuff":36,"mysticsbiomes:lavender":9,"mysticsbiomes:jacaranda_log":6,"minecraft:deepslate_diamond_ore":46,"minecraft:candle":1,"mysticsbiomes:jacaranda_blossoms":6,"minecraft:grass_block":4,"meadow:pine_log":16,"iceandfire:deepslate_silver_ore":1,"minecraft:large_fern":1,"minecraft:furnace":3,"minecraft:iron_ore":10,"minecraft:cobbled_deepslate":9,"meadow:fire_lily":1,"minecraft:deepslate_lapis_ore":11,"minecraft:deepslate_iron_ore":12,"meadow:pine_leaves":6,"minecraft:stone":81,"minecraft:deepslate_redstone_ore":9,"minecraft:amethyst_cluster":4,"minecraft:crafting_table":8,"minecraft:torch":1,"meadow:alpine_coal_ore":3,"minecraft:calcite":3,"minecraft:melon":3,"minecraft:tall_grass":5,"minecraft:cobblestone":3,"minecraft:lapis_ore":4,"minecraft:deepslate_gold_ore":8,"minecraft:oak_planks":2,"minecraft:diorite":1,"minecraft:wall_torch":30,"minecraft:wheat":17,"minecraft:yellow_bed":1,"meadow:limestone":48,"minecraft:grass":3,"minecraft:oak_log":13,"minecraft:coal_ore":20,"minecraft:gravel":12,"minecraft:dirt":8,"meadow:cobbled_limestone":1,"mysticsbiomes:jacaranda_leaves":2,"minecraft:smooth_basalt":4,"minecraft:oak_leaves":8,"minecraft:infested_stone":2,"minecraft:deepslate":593,"minecraft:fern":1,"minecraft:infested_deepslate":3}},"DataVersion":3465}