{"stats":{"minecraft:dropped":{"minecraft:nether_brick_stairs":6,"minecraft:iron_sword":1,"minecraft:golden_pickaxe":1,"minecraft:diamond":42,"minecraft:cooked_porkchop":2,"minecraft:netherite_upgrade_smithing_template":6,"minecraft:dirt":10,"minecraft:gold_nugget":77,"minecraft:iron_pickaxe":6,"minecraft:gravel":48,"minecraft:ancient_debris":4,"minecraft:cobbled_deepslate":1028,"minecraft:pointed_dripstone":1,"minecraft:oak_planks":15,"minecraft:glowstone_dust":3,"minecraft:basalt":14,"minecraft:quartz":45,"minecraft:netherrack":278,"minecraft:dripstone_block":1,"minecraft:cobblestone":32,"minecraft:granite":4,"minecraft:golden_apple":1,"minecraft:stick":4,"minecraft:diorite":2,"minecraft:torch":18,"minecraft:melon_slice":28,"skilltree:gem":13,"minecraft:smooth_stone":2,"minecraft:nether_brick_slab":1,"minecraft:furnace":1,"minecraft:tuff":38,"minecraft:diamond_sword":1,"meadow:cobbled_limestone":46,"farmersdelight:fried_egg":1,"minecraft:diamond_pickaxe":2,"minecraft:andesite":7,"minecraft:stone_pickaxe":8,"minecraft:magma_block":9},"minecraft:picked_up":{"minecraft:wooden_axe":3,"minecraft:wheat":24,"minecraft:anvil":3,"minecraft:enchanted_book":1,"minecraft:gilded_blackstone":3,"minecraft:brewing_stand":1,"minecraft:amethyst_block":82,"minecraft:string":4,"minecraft:raw_copper":115,"mysticsbiomes:jacaranda_log":91,"minecraft:shroomlight":9,"minecraft:cobbled_deepslate":2265,"minecraft:gold_nugget":406,"minecraft:smooth_stone":16,"meadow:enzian":2,"minecraft:calcite":6,"minecraft:netherite_upgrade_smithing_template":6,"minecraft:iron_pickaxe":4,"mysticsbiomes:butterfly_nest":1,"minecraft:melon_slice":74,"minecraft:furnace":9,"minecraft:stick":154,"minecraft:composter":1,"minecraft:torch":74,"mysticsbiomes:lavender":18,"minecraft:porkchop":10,"iceandfire:rotten_egg":1,"minecraft:pointed_dripstone":12,"tombstone:grave_dust":1,"minecraft:diorite":19,"minecraft:stone_sword":1,"farmersdelight:fried_egg":4,"netherdungeons:shroomglight":13,"mysticsbiomes:jacaranda_planks":101,"meadow:rocky_wool":1,"minecraft:cobblestone":133,"minecraft:birch_log":30,"minecraft:magma_block":9,"minecraft:feather":1,"minecraft:andesite":7,"minecraft:smoker":3,"minecraft:flint":10,"minecraft:tuff":58,"minecraft:warped_trapdoor":1,"minecraft:lantern":9,"skilltree:gem":37,"minecraft:lapis_lazuli":244,"minecraft:dirt":140,"minecraft:name_tag":2,"minecraft:bone":6,"minecraft:wheat_seeds":73,"minecraft:raw_gold":68,"meadow:cobbled_limestone":541,"netherdungeons:warped_nether_wart":4,"artifacts:antidote_vessel":4,"minecraft:glowstone_dust":53,"minecraft:oak_planks":122,"spartanshields:iron_tower_shield":1,"minecraft:warped_wart_block":9,"minecraft:sand":8,"minecraft:nether_brick_stairs":9,"minecraft:barrel":3,"minecraft:diamond":181,"iceandfire:lectern":2,"minecraft:granite":22,"minecraft:bone_meal":2,"minecraft:bread":1,"alexsmobs:maggot":1,"minecraft:oak_sapling":68,"minecraft:netherrack":982,"iceandfire:silver_nugget":8,"iceandfire:raw_silver":14,"minecraft:diamond_pickaxe":3,"minecraft:charcoal":2,"minecraft:crafting_table":10,"minecraft:chicken":1,"minecraft:clay_ball":40,"minecraft:wooden_pickaxe":4,"minecraft:gold_block":18,"minecraft:flint_and_steel":1,"minecraft:blackstone":13,"minecraft:candle":4,"minecraft:netherite_sword":1,"minecraft:light_gray_wool":3,"minecraft:chest":10,"meadow:alpine_salt":6,"minecraft:birch_sapling":9,"minecraft:egg":4,"minecraft:raw_iron":53,"minecraft:oak_door":3,"minecraft:polished_blackstone_bricks":50,"minecraft:carrot":4,"minecraft:redstone":364,"minecraft:arrow":1,"minecraft:gold_ingot":18,"minecraft:mutton":9,"minecraft:white_wool":4,"minecraft:basalt":54,"minecraft:crimson_stem":5,"minecraft:salmon":4,"mysticsbiomes:jacaranda_pressure_plate":2,"minecraft:birch_planks":24,"mysticsbiomes:jacaranda_sapling":58,"minecraft:oak_log":132,"minecraft:ancient_debris":4,"minecraft:nether_wart_block":4,"minecraft:yellow_bed":3,"meadow:pine_planks":85,"tombstone:gift":1,"minecraft:apple":6,"minecraft:iron_ingot":6,"meadow:pine_sapling":8,"minecraft:stone_pickaxe":6,"meadow:patched_wool":2,"minecraft:soul_sand":4,"minecraft:iron_sword":3,"minecraft:book":85,"minecraft:warped_fungus":1,"iceandfire:copper_nugget":14,"minecraft:smooth_basalt":4,"minecraft:pumpkin":3,"minecraft:sweet_berries":39,"minecraft:quartz":364,"minecraft:dripstone_block":7,"minecraft:gravel":126,"minecraft:amethyst_shard":179,"minecraft:blast_furnace":1,"minecraft:white_bed":3,"minecraft:nether_brick_slab":1,"meadow:pine_log":16,"minecraft:spider_eye":1,"netherdungeons:ominous_quartz_bricks":4,"minecraft:damaged_anvil":2,"minecraft:black_wool":3,"minecraft:coal":85,"minecraft:ender_pearl":1},"minecraft:used":{"iceandfire:lectern":2,"minecraft:bone_block":6,"mysticsbiomes:butterfly_nest":1,"minecraft:chest":19,"minecraft:shield":6,"minecraft:iron_sword":13,"minecraft:mutton":1,"minecraft:carrot":11,"meadow:cobbled_limestone":2,"mysticsbiomes:jacaranda_planks":312,"minecraft:birch_sapling":4,"minecraft:lantern":9,"minecraft:sweet_berries":17,"minecraft:oak_sapling":28,"minecraft:furnace":7,"minecraft:diorite":11,"minecraft:damaged_anvil":2,"minecraft:oak_planks":62,"minecraft:stone_pickaxe":508,"mysticsbiomes:jacaranda_log":3,"minecraft:blackstone":10,"minecraft:wooden_pickaxe":68,"minecraft:composter":1,"minecraft:diamond_axe":590,"minecraft:golden_apple":2,"mysticsbiomes:jacaranda_door":5,"minecraft:blast_furnace":1,"minecraft:crossbow":1,"minecraft:dripstone_block":6,"mysticsbiomes:jacaranda_pressure_plate":2,"minecraft:melon_slice":32,"minecraft:bread":44,"minecraft:gravel":1,"mysticsbiomes:lavender":7,"minecraft:diamond_sword":115,"minecraft:wooden_sword":45,"minecraft:golden_pickaxe":32,"minecraft:netherite_sword":49,"minecraft:stone_sword":55,"minecraft:flint_and_steel":9,"minecraft:netherrack":120,"minecraft:oak_door":3,"minecraft:torch":121,"minecraft:brewing_stand":1,"minecraft:dirt":38,"minecraft:warped_wart_block":9,"minecraft:anvil":1,"minecraft:shroomlight":9,"minecraft:iron_hoe":12,"minecraft:wooden_axe":61,"minecraft:bookshelf":8,"minecraft:barrel":3,"minecraft:light_gray_wool":1,"minecraft:basalt":39,"tombstone:gift":8,"minecraft:cobbled_deepslate":148,"farmersdelight:fried_egg":2,"minecraft:pointed_dripstone":3,"minecraft:wheat_seeds":43,"minecraft:cooked_mutton":1,"minecraft:water_bucket":14,"minecraft:amethyst_block":3,"minecraft:birch_planks":110,"mysticsbiomes:jacaranda_sapling":55,"netherdungeons:shroomglight":13,"minecraft:polished_blackstone_bricks":39,"spartanshields:iron_tower_shield":32,"minecraft:gilded_blackstone":1,"minecraft:crafting_table":11,"minecraft:white_bed":3,"minecraft:smoker":1,"minecraft:diamond_pickaxe":2576,"minecraft:apple":10,"minecraft:iron_pickaxe":344,"minecraft:cobblestone":5,"minecraft:porkchop":2,"minecraft:cooked_porkchop":2,"minecraft:bucket":15,"minecraft:yellow_bed":3,"meadow:pine_log":4,"minecraft:smooth_stone":14},"minecraft:killed_by":{"minecraft:ghast":1,"minecraft:piglin_brute":3,"alexsmobs:straddler":1,"minecraft:piglin":1,"alexsmobs:grizzly_bear":1,"minecraft:player":1,"minecraft:spider":1},"minecraft:broken":{"minecraft:stone_pickaxe":3,"minecraft:diamond_pickaxe":1,"minecraft:wooden_pickaxe":1,"minecraft:iron_pickaxe":2,"minecraft:golden_pickaxe":1},"minecraft:custom":{"minecraft:animals_bred":3,"minecraft:interact_with_crafting_table":56,"minecraft:open_barrel":92,"minecraft:leave_game":12,"minecraft:time_since_death":89575,"minecraft:sprint_one_cm":787793,"minecraft:damage_blocked_by_shield":2474,"minecraft:drop":109,"minecraft:talked_to_villager":1,"minecraft:play_time":505450,"minecraft:deaths":19,"minecraft:jump":2820,"minecraft:interact_with_brewingstand":2,"minecraft:walk_on_water_one_cm":26102,"minecraft:interact_with_furnace":46,"minecraft:sleep_in_bed":5,"tombstone:sneak_grave":1,"minecraft:damage_dealt":5760,"minecraft:player_kills":1,"minecraft:crouch_one_cm":20742,"tombstone:undead_killed":3,"tombstone:villager_killed":1,"minecraft:interact_with_smoker":2,"minecraft:interact_with_smithing_table":5,"minecraft:mob_kills":68,"minecraft:interact_with_anvil":7,"minecraft:climb_one_cm":2252,"minecraft:walk_one_cm":1270623,"minecraft:sneak_time":10169,"minecraft:walk_under_water_one_cm":7673,"minecraft:interact_with_blast_furnace":7,"minecraft:total_world_time":505450,"tombstone:raider_killed":1,"minecraft:time_since_rest":15396,"minecraft:damage_taken":7676,"minecraft:damage_absorbed":49,"minecraft:swim_one_cm":17286,"minecraft:fly_one_cm":221435,"minecraft:open_chest":358,"minecraft:fall_one_cm":45758},"minecraft:mined":{"mysticsbiomes:lavender":24,"meadow:alpine_salt_ore":3,"minecraft:white_bed":3,"minecraft:oak_sapling":1,"mysticsbiomes:jacaranda_log":102,"iceandfire:copper_pile":2,"minecraft:brewing_stand":1,"mysticsbiomes:jacaranda_blossoms":48,"minecraft:chiseled_polished_blackstone":1,"minecraft:grass_block":34,"meadow:pine_log":16,"minecraft:cracked_polished_blackstone_bricks":3,"iceandfire:lectern":2,"minecraft:composter":1,"minecraft:gilded_blackstone":6,"minecraft:spawner":2,"minecraft:smooth_stone":16,"minecraft:polished_blackstone_bricks":69,"minecraft:magma_block":33,"minecraft:glowstone":10,"minecraft:cobbled_deepslate":20,"minecraft:iron_ore":10,"minecraft:fire":20,"minecraft:barrel":3,"minecraft:pumpkin":3,"minecraft:deepslate_lapis_ore":11,"minecraft:nether_brick_stairs":4,"netherdungeons:shroomglight":16,"iceandfire:gold_pile":3,"minecraft:deepslate_redstone_ore":26,"minecraft:blackstone":12,"minecraft:crimson_nylium":4,"minecraft:amethyst_cluster":4,"minecraft:torch":1,"minecraft:blast_furnace":1,"minecraft:calcite":3,"netherdungeons:ominous_quartz_bricks":4,"minecraft:melon":10,"minecraft:chest":10,"minecraft:nether_brick_slab":1,"minecraft:smooth_quartz_slab":2,"minecraft:nether_quartz_ore":76,"minecraft:cobblestone":3,"minecraft:sugar_cane":1,"minecraft:oak_planks":23,"minecraft:damaged_anvil":2,"minecraft:wall_torch":72,"minecraft:amethyst_block":3,"minecraft:nether_wart_block":6,"minecraft:birch_log":30,"minecraft:wheat":28,"minecraft:light_gray_wool":1,"minecraft:warped_fungus":1,"meadow:limestone":469,"minecraft:grass":12,"minecraft:oak_log":141,"minecraft:sand":8,"minecraft:dirt":53,"mysticsbiomes:jacaranda_leaves":33,"minecraft:smooth_basalt":4,"minecraft:netherrack":936,"minecraft:ancient_debris":3,"minecraft:oak_leaves":37,"mysticsbiomes:butterfly_nest":1,"minecraft:deepslate":1151,"minecraft:infested_deepslate":3,"minecraft:nether_gold_ore":52,"minecraft:tuff":73,"minecraft:deepslate_diamond_ore":63,"minecraft:candle":1,"minecraft:oak_door":2,"mysticsbiomes:jacaranda_pressure_plate":1,"iceandfire:deepslate_silver_ore":1,"minecraft:crimson_stem":10,"minecraft:large_fern":1,"mysticsbiomes:jacaranda_planks":94,"minecraft:furnace":4,"minecraft:carrots":2,"meadow:fire_lily":1,"minecraft:gold_block":19,"minecraft:bookshelf":12,"minecraft:deepslate_iron_ore":14,"minecraft:shroomlight":11,"minecraft:lantern":8,"meadow:pine_leaves":6,"minecraft:stone":100,"minecraft:basalt":69,"minecraft:crafting_table":8,"meadow:alpine_coal_ore":3,"minecraft:warped_roots":1,"farmersdelight:sweet_berry_cheesecake":1,"minecraft:campfire":1,"minecraft:tall_grass":6,"minecraft:copper_ore":3,"minecraft:deepslate_gold_ore":8,"minecraft:lapis_ore":4,"minecraft:polished_blackstone_brick_stairs":5,"minecraft:diorite":1,"minecraft:warped_wart_block":9,"minecraft:birch_planks":26,"minecraft:birch_leaves":6,"minecraft:yellow_bed":3,"minecraft:coal_ore":20,"iceandfire:silver_pile":2,"minecraft:gravel":53,"meadow:cobbled_limestone":1,"mysticsbiomes:jacaranda_sapling":1,"minecraft:fern":1,"minecraft:infested_stone":2},"minecraft:killed":{"minecraft:zombified_piglin":2,"minecraft:spider":1,"mysticsbiomes:rainbow_chicken":1,"minecraft:silverfish":7,"minecraft:piglin_brute":1,"artifacts:mimic":1,"minecraft:magma_cube":25,"minecraft:piglin":1,"minecraft:pig":5,"minecraft:salmon":7,"mysticsbiomes:butterfly":1,"alexsmobs:stradpole":1,"minecraft:sheep":7,"minecraft:goat":2,"alexsmobs:fly":1,"alexsmobs:raccoon":1,"minecraft:phantom":1,"alexsmobs:catfish":1,"minecraft:villager":1},"minecraft:crafted":{"minecraft:oak_planks":272,"minecraft:bookshelf":8,"minecraft:cooked_mutton":1,"minecraft:diamond_leggings":1,"minecraft:iron_boots":1,"minecraft:chest":9,"minecraft:golden_boots":1,"minecraft:cooked_porkchop":4,"minecraft:diamond_axe":1,"minecraft:crafting_table":5,"minecraft:wooden_pickaxe":1,"minecraft:iron_helmet":1,"minecraft:golden_pickaxe":2,"minecraft:birch_planks":120,"meadow:pine_planks":48,"minecraft:diamond_pickaxe":1,"minecraft:shield":1,"minecraft:stick":64,"minecraft:iron_pickaxe":5,"minecraft:iron_ingot":49,"minecraft:stone_sword":1,"minecraft:gold_ingot":169,"minecraft:wooden_sword":1,"minecraft:furnace":3,"mysticsbiomes:jacaranda_door":6,"minecraft:iron_hoe":1,"minecraft:stone_pickaxe":10,"mysticsbiomes:jacaranda_planks":352,"minecraft:golden_helmet":1,"minecraft:crimson_planks":20,"minecraft:diamond_sword":1,"minecraft:iron_sword":2,"minecraft:bread":5,"minecraft:air":0,"minecraft:golden_apple":3,"minecraft:wooden_axe":2,"mysticsbiomes:jacaranda_pressure_plate":2,"minecraft:torch":72,"minecraft:diamond_chestplate":1}},"DataVersion":3465}