{"stats":{"minecraft:crafted":{"minecraft:cooked_beef":4,"minecraft:oak_planks":122,"minecraft:stone_shovel":1,"minecraft:crafting_table":2,"mysticsbiomes:jacaranda_boat":1,"minecraft:wooden_pickaxe":6,"minecraft:iron_sword":1,"minecraft:stone_axe":1,"minecraft:cooked_mutton":4,"minecraft:air":0,"minecraft:iron_chestplate":1,"minecraft:charcoal":8,"minecraft:shield":1,"minecraft:stick":92,"minecraft:iron_pickaxe":1,"minecraft:iron_ingot":28,"minecraft:stone_pickaxe":5,"minecraft:wooden_axe":2,"minecraft:stone_sword":7,"minecraft:iron_leggings":1,"mysticsbiomes:jacaranda_planks":20,"minecraft:torch":80},"minecraft:killed_by":{"minecraft:skeleton":8,"artifacts:mimic":1,"minecraft:creeper":2,"minecraft:spider":1,"minecraft:zombie":7,"minecraft:pillager":1},"minecraft:custom":{"minecraft:interact_with_smithing_table":1,"minecraft:interact_with_furnace":69,"spartanshields:shield_bash_hits":1,"minecraft:mob_kills":16,"minecraft:interact_with_crafting_table":24,"minecraft:open_barrel":15,"minecraft:eat_cake_slice":3,"minecraft:leave_game":3,"minecraft:time_since_death":6249,"minecraft:time_since_rest":6289,"minecraft:sprint_one_cm":83412,"minecraft:damage_taken":6667,"minecraft:walk_one_cm":600846,"minecraft:damage_blocked_by_shield":1701,"minecraft:drop":11,"minecraft:damage_dealt":3406,"minecraft:swim_one_cm":5035,"minecraft:fly_one_cm":28827,"minecraft:open_chest":26,"minecraft:crouch_one_cm":9850,"minecraft:play_time":126398,"minecraft:deaths":20,"minecraft:sneak_time":2606,"minecraft:walk_under_water_one_cm":28058,"minecraft:jump":1367,"minecraft:interact_with_blast_furnace":10,"minecraft:walk_on_water_one_cm":27261,"minecraft:total_world_time":126398,"minecraft:fall_one_cm":28799},"minecraft:killed":{"alexsmobs:raccoon":1,"minecraft:spider":1,"minecraft:skeleton":1,"minecraft:sheep":2,"minecraft:zombie":6,"artifacts:mimic":1,"minecraft:cow":3},"minecraft:used":{"minecraft:stone_shovel":5,"minecraft:stone_pickaxe":423,"minecraft:oak_planks":1,"minecraft:shield":37,"minecraft:wooden_pickaxe":11,"minecraft:iron_sword":121,"minecraft:torch":84,"minecraft:dirt":1,"minecraft:crafting_table":2,"minecraft:tuff":17,"minecraft:wooden_axe":56,"mysticsbiomes:jacaranda_planks":1,"minecraft:bread":5,"minecraft:iron_pickaxe":59,"minecraft:stone_bricks":1,"minecraft:stone_axe":20,"minecraft:cobblestone":42,"minecraft:cobbled_deepslate":79,"minecraft:pumpkin_pie":5,"alexsmobs:animal_dictionary":4,"minecraft:cooked_beef":3},"minecraft:broken":{"minecraft:stone_pickaxe":1,"minecraft:wooden_axe":1},"minecraft:picked_up":{"minecraft:wooden_axe":1,"minecraft:charcoal":18,"minecraft:coarse_dirt":1,"minecraft:iron_chestplate":7,"minecraft:cooked_beef":6,"minecraft:glow_ink_sac":2,"minecraft:andesite":15,"minecraft:leather":26,"minecraft:brown_mushroom":4,"minecraft:wooden_pickaxe":3,"minecraft:tuff":17,"minecraft:oak_log":58,"minecraft:shield":8,"minecraft:amethyst_block":3,"minecraft:string":2,"minecraft:lapis_lazuli":18,"minecraft:dirt":136,"minecraft:raw_copper":9,"mysticsbiomes:jacaranda_log":5,"minecraft:cooked_mutton":12,"minecraft:bone":14,"minecraft:stone_bricks":14,"minecraft:cracked_stone_bricks":2,"minecraft:cobbled_deepslate":683,"minecraft:wheat_seeds":1,"mysticsbiomes:jacaranda_boat":3,"minecraft:raw_gold":30,"minecraft:bucket":1,"artifacts:aqua_dashers":6,"minecraft:beef":7,"minecraft:iron_ingot":10,"minecraft:stone_pickaxe":10,"minecraft:cobweb":4,"minecraft:calcite":18,"meadow:cobbled_limestone":63,"minecraft:iron_pickaxe":5,"minecraft:iron_sword":10,"minecraft:oak_planks":13,"minecraft:stick":53,"minecraft:raw_iron":37,"minecraft:smooth_basalt":2,"mysticsbiomes:lavender":24,"minecraft:torch":52,"minecraft:gravel":16,"meadow:inky_wool":9,"alexsmobs:animal_dictionary":4,"minecraft:stone_sword":6,"minecraft:arrow":4,"minecraft:rotten_flesh":32,"minecraft:diamond":20,"minecraft:stone_axe":1,"minecraft:pumpkin_pie":12,"artifacts:crystal_heart":5,"minecraft:granite":25,"minecraft:bread":14,"minecraft:oak_sapling":3,"mysticsbiomes:jacaranda_planks":46,"minecraft:mutton":12,"minecraft:coal":45,"minecraft:cobblestone":692},"minecraft:dropped":{"minecraft:iron_ingot":8,"minecraft:iron_sword":1,"minecraft:brown_mushroom":1,"minecraft:coarse_dirt":1,"alexsmobs:animal_dictionary":1,"minecraft:amethyst_block":3,"minecraft:granite":25,"mysticsbiomes:lavender":1,"minecraft:bucket":1,"minecraft:smooth_basalt":2},"minecraft:mined":{"minecraft:tuff":17,"mysticsbiomes:lavender":3,"minecraft:brown_mushroom":1,"minecraft:deepslate_diamond_ore":5,"mysticsbiomes:jacaranda_log":5,"mysticsbiomes:jacaranda_blossoms":1,"minecraft:granite":25,"minecraft:budding_amethyst":1,"minecraft:calcite":3,"minecraft:cobblestone":1,"minecraft:copper_ore":2,"minecraft:deepslate_gold_ore":6,"minecraft:wall_torch":1,"minecraft:amethyst_block":3,"minecraft:iron_ore":14,"minecraft:cobbled_deepslate":1,"minecraft:andesite":15,"meadow:limestone":68,"minecraft:grass":2,"minecraft:coal_ore":16,"minecraft:oak_log":58,"minecraft:deepslate_iron_ore":4,"minecraft:dirt":5,"mysticsbiomes:jacaranda_leaves":2,"minecraft:smooth_basalt":2,"minecraft:cracked_stone_bricks":1,"minecraft:stone":115,"minecraft:stone_bricks":2,"minecraft:deepslate":160,"minecraft:oak_leaves":7,"minecraft:infested_stone":1}},"DataVersion":3465}