{"stats":{"minecraft:used":{"minecraft:stone_sword":12,"minecraft:flint_and_steel":24,"minecraft:iron_sword":63,"minecraft:netherrack":184,"minecraft:rotten_flesh":6,"minecraft:torch":150,"iceandfire:armor_copper_metal_boots":1,"minecraft:dirt":5,"minecraft:carrot":96,"minecraft:granite":4,"meadow:cobbled_limestone":65,"spartanshields:wooden_tower_shield":1,"mysticsbiomes:jacaranda_planks":13,"minecraft:sweet_berries":1,"minecraft:furnace":4,"tombstone:gift":5,"minecraft:egg":10,"minecraft:cobbled_deepslate":43,"minecraft:pointed_dripstone":6,"minecraft:diorite":1,"minecraft:oak_planks":4,"minecraft:stone_pickaxe":1685,"minecraft:wooden_pickaxe":40,"spartanshields:iron_tower_shield":54,"minecraft:glow_berries":8,"minecraft:crafting_table":3,"minecraft:dripstone_block":1,"minecraft:diamond_pickaxe":2301,"iceandfire:armor_copper_metal_chestplate":1,"minecraft:bread":16,"minecraft:melon_slice":32,"minecraft:iron_pickaxe":906,"spartanshields:diamond_tower_shield":24,"minecraft:spruce_sapling":1,"minecraft:gravel":15,"mysticsbiomes:lavender":1,"minecraft:stone_axe":2,"minecraft:diamond_sword":128,"minecraft:cobblestone":43,"minecraft:porkchop":2,"minecraft:cooked_porkchop":7,"minecraft:andesite":1,"alexsmobs:animal_dictionary":5,"minecraft:golden_pickaxe":32},"minecraft:custom":{"minecraft:interact_with_anvil":3,"minecraft:mob_kills":61,"minecraft:interact_with_crafting_table":52,"minecraft:open_barrel":4,"minecraft:leave_game":1,"minecraft:time_since_death":2116,"minecraft:climb_one_cm":1354,"minecraft:sprint_one_cm":422577,"minecraft:walk_one_cm":1118014,"minecraft:damage_blocked_by_shield":2477,"minecraft:drop":176,"minecraft:play_time":458932,"minecraft:deaths":35,"minecraft:sneak_time":39596,"minecraft:walk_under_water_one_cm":7849,"minecraft:jump":4163,"minecraft:interact_with_blast_furnace":1,"minecraft:walk_on_water_one_cm":27840,"minecraft:total_world_time":458932,"minecraft:interact_with_furnace":50,"spartanshields:shield_bash_hits":35,"minecraft:interact_with_cartography_table":1,"minecraft:sleep_in_bed":9,"minecraft:time_since_rest":569,"tombstone:sneak_grave":9,"minecraft:damage_taken":12793,"minecraft:damage_dealt":7493,"minecraft:player_kills":2,"minecraft:swim_one_cm":2396,"minecraft:fly_one_cm":366773,"tombstone:undead_killed":1,"minecraft:open_chest":99,"minecraft:crouch_one_cm":122095,"minecraft:interact_with_smoker":1,"minecraft:fall_one_cm":126265},"minecraft:killed_by":{"minecraft:player":2,"minecraft:piglin_brute":10,"minecraft:creeper":1,"minecraft:magma_cube":1,"minecraft:cave_spider":3,"minecraft:skeleton":1,"minecraft:zombie":4,"iceandfire:troll":1},"minecraft:dropped":{"minecraft:iron_ingot":5,"meadow:pine_sapling":2,"minecraft:iron_sword":1,"iceandfire:raw_silver":11,"minecraft:candle":2,"minecraft:lapis_lazuli":86,"minecraft:diamond":117,"minecraft:dripstone_block":6,"minecraft:cobblestone":167,"minecraft:warped_roots":4,"minecraft:amethyst_block":26,"minecraft:granite":21,"minecraft:stick":6,"minecraft:flint":4,"minecraft:dirt":22,"minecraft:diorite":15,"netherdungeons:ominous_quartz":4,"skilltree:gem":3,"minecraft:wooden_axe":1,"minecraft:melon_slice":14,"mysticsbiomes:lavender":71,"minecraft:wooden_sword":1,"minecraft:amethyst_shard":50,"minecraft:iron_pickaxe":3,"twilightforest:mushgloom":1,"minecraft:string":2,"minecraft:redstone":169,"minecraft:smooth_basalt":3,"minecraft:gravel":35,"minecraft:anvil":1,"minecraft:sweet_berries":20,"minecraft:sugar_cane":1,"minecraft:warped_nylium":1,"minecraft:cobbled_deepslate":1875,"minecraft:raw_copper":70,"minecraft:tuff":101,"minecraft:raw_iron":25,"minecraft:pointed_dripstone":7,"netherdungeons:ominous_quartz_bricks":9,"minecraft:rotten_flesh":1,"mysticsbiomes:jacaranda_sapling":8,"minecraft:oak_planks":18,"minecraft:smoker":1,"minecraft:carrot":2,"minecraft:flint_and_steel":1,"meadow:cobbled_limestone":199,"minecraft:shroomlight":1,"farmersdelight:fried_egg":7,"minecraft:diamond_pickaxe":3,"minecraft:andesite":18,"mysticsbiomes:jacaranda_planks":5,"minecraft:birch_planks":6,"minecraft:spider_eye":1,"minecraft:wooden_pickaxe":2,"minecraft:stone_pickaxe":6,"minecraft:raw_gold":42,"minecraft:netherrack":191,"minecraft:quartz":6,"meadow:pine_planks":23,"spartanshields:iron_tower_shield":1,"minecraft:black_wool":1,"minecraft:bread":1},"minecraft:picked_up":{"minecraft:wooden_axe":1,"minecraft:charcoal":2,"minecraft:crafting_table":2,"minecraft:anvil":1,"minecraft:chest_minecart":3,"minecraft:golden_pickaxe":1,"minecraft:wooden_pickaxe":3,"minecraft:shield":1,"minecraft:amethyst_block":26,"minecraft:string":34,"minecraft:raw_copper":272,"minecraft:wooden_sword":3,"minecraft:shroomlight":1,"minecraft:gold_nugget":160,"minecraft:candle":2,"minecraft:cobbled_deepslate":3848,"meadow:enzian":4,"minecraft:iron_pickaxe":6,"minecraft:melon_slice":61,"minecraft:sugar_cane":1,"meadow:alpine_salt":3,"minecraft:furnace":2,"minecraft:stick":12,"minecraft:raw_iron":76,"minecraft:oak_fence":1,"minecraft:torch":94,"mysticsbiomes:lavender":564,"minecraft:porkchop":6,"minecraft:pointed_dripstone":17,"minecraft:diorite":19,"minecraft:carrot":91,"minecraft:redstone":331,"minecraft:tnt":1,"farmersdelight:fried_egg":7,"minecraft:stone_sword":1,"minecraft:rotten_flesh":7,"mysticsbiomes:jacaranda_planks":21,"minecraft:rail":2,"minecraft:cobblestone":710,"minecraft:birch_log":7,"minecraft:magma_block":9,"minecraft:basalt":2,"minecraft:magma_cream":1,"minecraft:andesite":52,"minecraft:smoker":1,"minecraft:tuff":471,"minecraft:flint":19,"mysticsbiomes:jacaranda_sapling":8,"minecraft:oak_log":18,"minecraft:ancient_debris":14,"skilltree:gem":50,"minecraft:lapis_lazuli":127,"meadow:pine_planks":79,"minecraft:dirt":34,"minecraft:wheat_seeds":27,"minecraft:raw_gold":52,"meadow:pine_sapling":2,"minecraft:stone_pickaxe":16,"meadow:cobbled_limestone":1103,"meadow:eriophorum":2,"minecraft:glowstone_dust":64,"minecraft:iron_sword":4,"minecraft:oak_planks":20,"twilightforest:mushgloom":2,"minecraft:smooth_basalt":12,"minecraft:cooked_porkchop":7,"minecraft:sweet_berries":33,"minecraft:quartz":321,"minecraft:dripstone_block":8,"minecraft:gravel":131,"minecraft:amethyst_shard":50,"minecraft:spruce_sapling":3,"minecraft:spruce_log":4,"alexsmobs:animal_dictionary":5,"minecraft:spider_eye":2,"minecraft:warped_nylium":1,"minecraft:ender_pearl":1,"minecraft:warped_roots":5,"minecraft:diamond_pickaxe":2,"minecraft:diamond":194,"minecraft:stone_axe":1,"minecraft:granite":30,"minecraft:emerald":2,"minecraft:bread":3,"minecraft:netherrack":1059,"minecraft:black_wool":1,"minecraft:coal":60,"iceandfire:raw_silver":15},"minecraft:mined":{"meadow:small_fir":5,"minecraft:diamond_ore":1,"minecraft:large_amethyst_bud":1,"minecraft:tuff":126,"mysticsbiomes:lavender":312,"meadow:alpine_salt_ore":3,"iceandfire:silver_ore":7,"minecraft:deepslate_diamond_ore":92,"minecraft:glow_lichen":2,"mysticsbiomes:jacaranda_blossoms":1,"minecraft:granite":29,"minecraft:budding_amethyst":8,"minecraft:large_fern":2,"mysticsbiomes:jacaranda_planks":14,"twilightforest:mushgloom":1,"minecraft:magma_block":14,"minecraft:glowstone":35,"minecraft:carrots":28,"minecraft:spruce_sapling":1,"minecraft:furnace":2,"minecraft:fire":25,"minecraft:iron_ore":33,"minecraft:cobbled_deepslate":3,"minecraft:andesite":47,"meadow:eriophorum":2,"minecraft:deepslate_lapis_ore":3,"minecraft:anvil":1,"minecraft:pointed_dripstone":4,"minecraft:cave_vines":2,"minecraft:deepslate_iron_ore":16,"minecraft:rail":2,"minecraft:warped_trapdoor":1,"minecraft:stone":448,"minecraft:deepslate_redstone_ore":53,"minecraft:blackstone":1,"minecraft:smoker":1,"minecraft:medium_amethyst_bud":1,"minecraft:amethyst_cluster":16,"minecraft:basalt":1,"minecraft:oak_fence":2,"minecraft:crafting_table":2,"minecraft:torch":9,"minecraft:campfire":1,"minecraft:copper_ore":64,"minecraft:tall_grass":8,"minecraft:cobblestone":17,"minecraft:lapis_ore":7,"minecraft:deepslate_gold_ore":47,"minecraft:oak_planks":5,"minecraft:diorite":18,"minecraft:wall_torch":57,"minecraft:amethyst_block":29,"minecraft:deepslate_copper_ore":6,"minecraft:warped_nylium":17,"minecraft:birch_planks":1,"minecraft:birch_log":7,"minecraft:sweet_berry_bush":1,"minecraft:wheat":1,"minecraft:spruce_log":4,"minecraft:tnt":1,"meadow:limestone":592,"minecraft:grass":109,"minecraft:oak_log":16,"minecraft:coal_ore":19,"meadow:enzian":5,"minecraft:gravel":65,"minecraft:dripstone_block":9,"minecraft:dirt":7,"meadow:cobbled_limestone":14,"meadow:alpine_iron_ore":15,"minecraft:cobweb":32,"mysticsbiomes:jacaranda_leaves":1,"minecraft:smooth_basalt":3,"minecraft:ancient_debris":1,"minecraft:nether_gold_ore":7,"minecraft:netherrack":1353,"minecraft:infested_stone":2,"minecraft:oak_leaves":3,"minecraft:deepslate":1583,"minecraft:fern":2,"minecraft:infested_deepslate":19},"minecraft:broken":{"minecraft:stone_pickaxe":12,"minecraft:diamond_pickaxe":1,"minecraft:iron_pickaxe":2,"minecraft:golden_pickaxe":1},"minecraft:crafted":{"minecraft:oak_planks":72,"spartanshields:wooden_tower_shield":3,"minecraft:furnace":4,"iceandfire:armor_copper_metal_leggings":1,"minecraft:flint_and_steel":1,"iceandfire:armor_copper_metal_helmet":1,"iceandfire:armor_copper_metal_boots":1,"minecraft:diamond_helmet":1,"minecraft:diamond_leggings":1,"minecraft:stone_pickaxe":10,"iceandfire:armor_copper_metal_chestplate":1,"minecraft:diamond_boots":1,"minecraft:netherite_scrap":14,"spartanshields:diamond_tower_shield":1,"minecraft:diamond_sword":1,"minecraft:crafting_table":2,"minecraft:spruce_planks":16,"spartanshields:iron_tower_shield":1,"minecraft:wooden_pickaxe":2,"minecraft:iron_sword":1,"minecraft:copper_ingot":24,"minecraft:birch_planks":28,"minecraft:bread":8,"minecraft:air":0,"farmersdelight:fried_egg":6,"minecraft:diamond_pickaxe":3,"minecraft:stick":64,"minecraft:iron_ingot":23,"minecraft:iron_pickaxe":1,"minecraft:gold_ingot":17,"minecraft:netherite_ingot":1,"minecraft:torch":80,"minecraft:diamond_chestplate":1},"minecraft:killed":{"alexsmobs:hummingbird":1,"minecraft:cave_spider":1,"minecraft:zombified_piglin":1,"minecraft:spider":1,"netherdungeons:truncus":1,"alexsmobs:straddler":2,"minecraft:silverfish":20,"minecraft:piglin_brute":2,"minecraft:magma_cube":1,"minecraft:pig":2,"minecraft:bat":1,"alexsmobs:stradpole":13,"alexsmobs:crimson_mosquito":2,"minecraft:goat":1,"minecraft:zombie":4,"minecraft:enderman":1}},"DataVersion":3465}