{"stats":{"minecraft:dropped":{"minecraft:iron_sword":2,"iceandfire:raw_silver":11,"minecraft:candle":2,"minecraft:birch_planks":9,"minecraft:lapis_lazuli":86,"minecraft:diamond":133,"minecraft:crossbow":1,"minecraft:netherite_upgrade_smithing_template":6,"minecraft:warped_roots":4,"minecraft:flint":4,"minecraft:dirt":54,"netherdungeons:ominous_quartz":4,"minecraft:amethyst_shard":50,"minecraft:wooden_sword":1,"minecraft:iron_pickaxe":3,"minecraft:gold_ingot":17,"minecraft:gravel":51,"minecraft:blackstone":3,"minecraft:sugar_cane":1,"minecraft:ancient_debris":18,"minecraft:cobbled_deepslate":2008,"minecraft:netherite_sword":1,"minecraft:wheat":1,"minecraft:pointed_dripstone":7,"minecraft:rotten_flesh":2,"mysticsbiomes:jacaranda_sapling":8,"minecraft:oak_planks":22,"minecraft:cooked_mutton":2,"minecraft:carrot":23,"mysticsbiomes:jacaranda_planks":5,"minecraft:quartz":20,"meadow:pine_planks":23,"minecraft:netherrack":993,"minecraft:iron_ingot":5,"minecraft:bread":1,"meadow:pine_sapling":2,"spartanshields:iron_tower_shield":1,"minecraft:wheat_seeds":6,"minecraft:dripstone_block":6,"minecraft:diamond_leggings":1,"minecraft:cobblestone":168,"minecraft:amethyst_block":26,"minecraft:granite":21,"minecraft:stick":10,"minecraft:diorite":15,"minecraft:torch":4,"minecraft:wooden_axe":1,"mysticsbiomes:lavender":73,"minecraft:melon_slice":14,"skilltree:gem":4,"tombstone:grave_dust":1,"twilightforest:mushgloom":2,"minecraft:string":2,"minecraft:smooth_basalt":3,"minecraft:redstone":169,"minecraft:anvil":1,"minecraft:sweet_berries":29,"minecraft:warped_nylium":1,"meadow:cobbled_limestone_slab":4,"minecraft:raw_copper":70,"minecraft:tuff":101,"minecraft:raw_iron":25,"netherdungeons:ominous_quartz_bricks":9,"minecraft:smoker":1,"minecraft:flint_and_steel":1,"meadow:cobbled_limestone":203,"minecraft:shroomlight":1,"farmersdelight:fried_egg":7,"minecraft:diamond_chestplate":1,"minecraft:diamond_pickaxe":4,"minecraft:andesite":18,"minecraft:oak_sapling":3,"minecraft:spider_eye":1,"minecraft:stone_pickaxe":6,"minecraft:wooden_pickaxe":2,"minecraft:raw_gold":42,"minecraft:black_wool":1},"minecraft:picked_up":{"minecraft:wooden_axe":1,"minecraft:wheat":2,"minecraft:anvil":1,"twilightforest:naga_trophy":1,"minecraft:diamond_sword":1,"minecraft:gilded_blackstone":1,"minecraft:amethyst_block":26,"minecraft:polished_blackstone_brick_stairs":2,"minecraft:string":34,"minecraft:raw_copper":272,"minecraft:armor_stand":1,"minecraft:shroomlight":1,"minecraft:gold_nugget":282,"minecraft:cobbled_deepslate":3963,"meadow:enzian":4,"minecraft:netherite_upgrade_smithing_template":6,"minecraft:iron_pickaxe":6,"minecraft:melon_slice":61,"minecraft:furnace":2,"minecraft:tipped_arrow":1,"minecraft:stick":14,"minecraft:oak_fence":1,"mysticsbiomes:lavender":566,"minecraft:torch":99,"minecraft:porkchop":6,"minecraft:pointed_dripstone":17,"tombstone:grave_dust":1,"minecraft:diorite":19,"minecraft:stone_sword":1,"farmersdelight:fried_egg":7,"minecraft:rotten_flesh":8,"mysticsbiomes:jacaranda_planks":37,"minecraft:cobblestone":714,"minecraft:birch_log":7,"minecraft:magma_block":16,"minecraft:magma_cream":1,"minecraft:andesite":52,"minecraft:smoker":1,"minecraft:flint":22,"minecraft:tuff":471,"skilltree:gem":55,"minecraft:lapis_lazuli":127,"minecraft:dirt":67,"minecraft:wheat_seeds":33,"minecraft:raw_gold":52,"meadow:cobbled_limestone":1110,"minecraft:glowstone_dust":64,"minecraft:oak_planks":20,"twilightforest:mushgloom":2,"minecraft:cooked_porkchop":7,"minecraft:spectral_arrow":1,"alexsmobs:animal_dictionary":5,"minecraft:diamond":210,"minecraft:cracked_polished_blackstone_bricks":40,"minecraft:crossbow":2,"minecraft:granite":30,"minecraft:golden_apple":1,"minecraft:bread":3,"minecraft:emerald":2,"minecraft:oak_sapling":3,"minecraft:netherrack":1906,"meadow:cobbled_limestone_slab":2,"iceandfire:raw_silver":15,"minecraft:diamond_pickaxe":3,"minecraft:charcoal":2,"minecraft:crafting_table":2,"minecraft:chest_minecart":3,"minecraft:golden_pickaxe":1,"minecraft:wooden_pickaxe":3,"minecraft:shield":1,"minecraft:wooden_sword":3,"minecraft:blackstone":113,"minecraft:candle":2,"minecraft:sugar_cane":1,"meadow:alpine_salt":3,"minecraft:raw_iron":76,"minecraft:polished_blackstone_bricks":81,"minecraft:redstone":331,"minecraft:carrot":196,"minecraft:tnt":1,"minecraft:diamond_chestplate":1,"minecraft:pumpkin_pie":5,"mysticsbiomes:jacaranda_slab":1,"minecraft:rail":2,"minecraft:basalt":16,"minecraft:birch_planks":3,"mysticsbiomes:jacaranda_sapling":8,"minecraft:oak_log":20,"minecraft:ancient_debris":48,"meadow:pine_planks":79,"meadow:pine_sapling":2,"minecraft:stone_pickaxe":16,"meadow:eriophorum":2,"minecraft:iron_sword":4,"netherdungeons:hoglin_leg":4,"minecraft:smooth_basalt":12,"minecraft:sweet_berries":42,"minecraft:quartz":523,"minecraft:dripstone_block":8,"minecraft:gravel":147,"minecraft:amethyst_shard":50,"minecraft:spruce_sapling":3,"minecraft:spruce_log":4,"minecraft:spider_eye":2,"minecraft:stone_axe":1,"minecraft:warped_roots":5,"minecraft:coal":60,"minecraft:black_wool":1,"minecraft:warped_nylium":1,"minecraft:ender_pearl":1},"minecraft:used":{"minecraft:iron_sword":63,"spartanshields:netherite_tower_shield":82,"minecraft:rotten_flesh":6,"minecraft:carrot":209,"meadow:cobbled_limestone":65,"spartanshields:wooden_tower_shield":1,"mysticsbiomes:jacaranda_planks":26,"minecraft:magma_block":1,"minecraft:sweet_berries":1,"minecraft:furnace":4,"minecraft:egg":10,"minecraft:diorite":1,"meadow:cobbled_limestone_slab":4,"minecraft:oak_planks":4,"minecraft:stone_pickaxe":1685,"minecraft:blackstone":72,"minecraft:wooden_pickaxe":40,"minecraft:glow_berries":8,"minecraft:crossbow":3,"minecraft:dripstone_block":1,"iceandfire:armor_copper_metal_chestplate":1,"minecraft:melon_slice":32,"minecraft:bread":16,"spartanshields:diamond_tower_shield":36,"minecraft:gravel":15,"mysticsbiomes:lavender":1,"minecraft:diamond_sword":163,"minecraft:smithing_table":1,"minecraft:andesite":1,"minecraft:golden_pickaxe":32,"minecraft:netherite_sword":37,"minecraft:stone_sword":12,"minecraft:flint_and_steel":38,"minecraft:armor_stand":2,"minecraft:netherrack":219,"minecraft:torch":159,"iceandfire:armor_copper_metal_boots":1,"minecraft:dirt":5,"minecraft:granite":4,"mysticsbiomes:jacaranda_slab":3,"minecraft:basalt":16,"tombstone:gift":7,"minecraft:cobbled_deepslate":43,"farmersdelight:fried_egg":2,"minecraft:pointed_dripstone":6,"minecraft:cooked_mutton":2,"netherdungeons:shroomglight":2,"spartanshields:iron_tower_shield":54,"minecraft:polished_blackstone_bricks":31,"minecraft:crafting_table":3,"minecraft:diamond_pickaxe":3882,"minecraft:cracked_polished_blackstone_bricks":14,"minecraft:iron_pickaxe":906,"minecraft:spruce_sapling":1,"minecraft:stone_axe":2,"minecraft:cobblestone":43,"minecraft:porkchop":2,"minecraft:cooked_porkchop":7,"minecraft:pumpkin_pie":5,"alexsmobs:animal_dictionary":5},"minecraft:killed_by":{"minecraft:piglin_brute":14,"minecraft:creeper":1,"minecraft:magma_cube":1,"minecraft:cave_spider":3,"minecraft:zombie":4,"minecraft:player":2,"minecraft:hoglin":1,"minecraft:skeleton":1,"iceandfire:troll":1},"minecraft:broken":{"minecraft:diamond_helmet":1,"minecraft:stone_pickaxe":12,"minecraft:diamond_boots":1,"minecraft:diamond_pickaxe":2,"minecraft:iron_pickaxe":2,"minecraft:golden_pickaxe":1},"minecraft:custom":{"minecraft:interact_with_crafting_table":88,"minecraft:open_barrel":19,"minecraft:leave_game":3,"minecraft:time_since_death":68698,"minecraft:sprint_one_cm":560640,"minecraft:damage_blocked_by_shield":5863,"minecraft:drop":236,"minecraft:play_time":618223,"minecraft:deaths":48,"minecraft:jump":5622,"minecraft:walk_on_water_one_cm":28485,"minecraft:interact_with_furnace":66,"minecraft:interact_with_cartography_table":1,"minecraft:sleep_in_bed":10,"tombstone:sneak_grave":9,"minecraft:damage_dealt":10733,"minecraft:player_kills":2,"minecraft:crouch_one_cm":209038,"tombstone:undead_killed":3,"minecraft:interact_with_smoker":1,"minecraft:interact_with_smithing_table":14,"minecraft:mob_kills":77,"minecraft:interact_with_anvil":4,"minecraft:climb_one_cm":1354,"minecraft:walk_one_cm":1453122,"minecraft:sneak_time":73008,"minecraft:walk_under_water_one_cm":7945,"minecraft:interact_with_blast_furnace":7,"minecraft:total_world_time":618223,"spartanshields:shield_bash_hits":78,"minecraft:time_since_rest":61981,"minecraft:damage_taken":17932,"minecraft:swim_one_cm":2458,"minecraft:fly_one_cm":471761,"minecraft:open_chest":189,"minecraft:fall_one_cm":168024},"minecraft:mined":{"minecraft:large_amethyst_bud":1,"mysticsbiomes:lavender":314,"meadow:alpine_salt_ore":3,"mysticsbiomes:jacaranda_blossoms":1,"minecraft:granite":29,"minecraft:budding_amethyst":8,"minecraft:grass_block":1,"minecraft:cracked_polished_blackstone_bricks":40,"minecraft:gilded_blackstone":2,"minecraft:polished_blackstone_bricks":93,"minecraft:magma_block":21,"minecraft:glowstone":35,"minecraft:iron_ore":33,"minecraft:cobbled_deepslate":3,"minecraft:fire":44,"minecraft:deepslate_lapis_ore":3,"minecraft:anvil":1,"minecraft:cave_vines":2,"minecraft:pointed_dripstone":4,"minecraft:deepslate_redstone_ore":53,"minecraft:blackstone":128,"minecraft:smoker":1,"minecraft:medium_amethyst_bud":1,"minecraft:amethyst_cluster":16,"minecraft:torch":9,"minecraft:nether_quartz_ore":8,"minecraft:cobblestone":17,"minecraft:oak_planks":5,"minecraft:wall_torch":60,"minecraft:amethyst_block":29,"minecraft:deepslate_copper_ore":6,"minecraft:warped_nylium":17,"minecraft:birch_log":7,"minecraft:wheat":2,"minecraft:tnt":1,"meadow:limestone":599,"minecraft:grass":112,"minecraft:oak_log":18,"minecraft:dirt":7,"mysticsbiomes:jacaranda_leaves":1,"minecraft:smooth_basalt":3,"minecraft:netherrack":2295,"minecraft:ancient_debris":2,"minecraft:oak_leaves":5,"minecraft:deepslate":1837,"minecraft:infested_deepslate":29,"minecraft:nether_gold_ore":7,"minecraft:diamond_ore":1,"minecraft:tuff":128,"meadow:small_fir":5,"iceandfire:silver_ore":7,"minecraft:deepslate_diamond_ore":92,"minecraft:glow_lichen":2,"minecraft:large_fern":2,"mysticsbiomes:jacaranda_planks":28,"twilightforest:mushgloom":1,"minecraft:spruce_sapling":1,"minecraft:furnace":2,"minecraft:carrots":65,"minecraft:andesite":47,"meadow:eriophorum":2,"minecraft:deepslate_iron_ore":16,"minecraft:rail":2,"minecraft:warped_trapdoor":1,"minecraft:stone":448,"meadow:cobbled_limestone_slab":2,"minecraft:basalt":17,"minecraft:oak_fence":2,"minecraft:crafting_table":2,"minecraft:campfire":1,"minecraft:tall_grass":8,"minecraft:copper_ore":64,"minecraft:lapis_ore":7,"minecraft:deepslate_gold_ore":47,"minecraft:polished_blackstone_brick_stairs":2,"minecraft:diorite":18,"minecraft:birch_planks":1,"mysticsbiomes:jacaranda_slab":1,"minecraft:sweet_berry_bush":1,"minecraft:spruce_log":4,"minecraft:coal_ore":19,"meadow:enzian":5,"minecraft:gravel":92,"minecraft:dripstone_block":9,"meadow:cobbled_limestone":14,"meadow:alpine_iron_ore":15,"minecraft:cobweb":32,"minecraft:infested_stone":2,"minecraft:fern":2},"minecraft:killed":{"alexsmobs:hummingbird":1,"minecraft:cave_spider":1,"minecraft:zombified_piglin":2,"minecraft:spider":1,"netherdungeons:truncus":1,"minecraft:silverfish":22,"alexsmobs:straddler":2,"minecraft:piglin_brute":3,"minecraft:magma_cube":1,"minecraft:piglin":3,"minecraft:pig":2,"alexsmobs:grizzly_bear":2,"alexsmobs:stradpole":13,"alexsmobs:crimson_mosquito":2,"minecraft:goat":1,"minecraft:zombie":5,"minecraft:bat":1,"minecraft:hoglin":1,"minecraft:enderman":1},"minecraft:crafted":{"minecraft:smooth_stone":3,"minecraft:oak_planks":80,"spartanshields:wooden_tower_shield":3,"minecraft:stone":3,"minecraft:cooked_mutton":8,"iceandfire:armor_copper_metal_boots":1,"minecraft:diamond_helmet":2,"minecraft:diamond_leggings":2,"minecraft:netherite_boots":1,"iceandfire:armor_copper_metal_chestplate":1,"minecraft:netherite_helmet":1,"minecraft:netherite_upgrade_smithing_template":16,"minecraft:golden_boots":1,"spartanshields:diamond_tower_shield":1,"minecraft:crafting_table":2,"minecraft:spruce_planks":16,"spartanshields:iron_tower_shield":1,"minecraft:wooden_pickaxe":2,"minecraft:smithing_table":1,"minecraft:copper_ingot":24,"minecraft:birch_planks":28,"farmersdelight:fried_egg":6,"minecraft:golden_leggings":1,"minecraft:diamond_pickaxe":5,"minecraft:stick":76,"minecraft:iron_ingot":23,"minecraft:iron_pickaxe":1,"minecraft:gold_ingot":31,"minecraft:netherite_ingot":7,"minecraft:smooth_stone_slab":6,"minecraft:netherite_sword":2,"minecraft:golden_chestplate":1,"minecraft:furnace":4,"iceandfire:armor_copper_metal_leggings":1,"iceandfire:armor_copper_metal_helmet":1,"minecraft:flint_and_steel":2,"minecraft:netherite_chestplate":1,"minecraft:netherite_leggings":1,"minecraft:stone_pickaxe":10,"minecraft:diamond_boots":2,"minecraft:netherite_scrap":32,"minecraft:golden_helmet":1,"minecraft:diamond_sword":1,"minecraft:iron_sword":1,"minecraft:bread":8,"minecraft:air":0,"meadow:cobbled_limestone_slab":6,"minecraft:armor_stand":1,"minecraft:torch":80,"minecraft:diamond_chestplate":2}},"DataVersion":3465}