{"stats":{"minecraft:crafted":{"minecraft:oak_planks":64,"spartanshields:wooden_tower_shield":1,"minecraft:furnace":4,"iceandfire:armor_copper_metal_leggings":1,"iceandfire:armor_copper_metal_boots":1,"iceandfire:armor_copper_metal_helmet":1,"iceandfire:armor_copper_metal_chestplate":1,"minecraft:stone_pickaxe":10,"minecraft:crafting_table":2,"minecraft:spruce_planks":16,"minecraft:wooden_pickaxe":2,"minecraft:iron_sword":1,"minecraft:copper_ingot":24,"minecraft:birch_planks":28,"minecraft:air":0,"minecraft:iron_pickaxe":1,"minecraft:stick":48,"minecraft:iron_ingot":16,"minecraft:torch":52},"minecraft:killed_by":{"minecraft:player":2,"minecraft:creeper":1,"minecraft:cave_spider":3,"minecraft:skeleton":1,"minecraft:zombie":4,"iceandfire:troll":1},"minecraft:custom":{"minecraft:interact_with_anvil":1,"minecraft:mob_kills":14,"minecraft:interact_with_crafting_table":38,"minecraft:open_barrel":1,"minecraft:leave_game":1,"minecraft:time_since_death":7420,"minecraft:sprint_one_cm":181146,"minecraft:walk_one_cm":695689,"minecraft:damage_blocked_by_shield":30,"minecraft:drop":98,"minecraft:play_time":266149,"minecraft:deaths":16,"minecraft:sneak_time":4344,"minecraft:walk_under_water_one_cm":7837,"minecraft:jump":2217,"minecraft:walk_on_water_one_cm":26626,"minecraft:total_world_time":266149,"minecraft:interact_with_furnace":26,"minecraft:sleep_in_bed":9,"minecraft:time_since_rest":7487,"minecraft:damage_taken":5930,"minecraft:damage_dealt":2731,"minecraft:fly_one_cm":93119,"minecraft:swim_one_cm":2396,"minecraft:player_kills":2,"minecraft:open_chest":28,"minecraft:crouch_one_cm":10973,"minecraft:fall_one_cm":55822},"minecraft:broken":{"minecraft:stone_pickaxe":11,"minecraft:iron_pickaxe":2,"minecraft:golden_pickaxe":1},"minecraft:killed":{"alexsmobs:hummingbird":1,"minecraft:cave_spider":1,"minecraft:silverfish":4,"minecraft:pig":1,"minecraft:goat":1,"minecraft:zombie":4},"minecraft:used":{"minecraft:stone_sword":12,"minecraft:iron_sword":63,"minecraft:rotten_flesh":6,"minecraft:torch":122,"iceandfire:armor_copper_metal_boots":1,"minecraft:dirt":5,"minecraft:granite":4,"meadow:cobbled_limestone":51,"spartanshields:wooden_tower_shield":1,"minecraft:furnace":4,"minecraft:cobbled_deepslate":41,"minecraft:pointed_dripstone":6,"minecraft:diorite":1,"minecraft:stone_pickaxe":1563,"minecraft:oak_planks":4,"minecraft:wooden_pickaxe":40,"minecraft:glow_berries":8,"minecraft:crafting_table":3,"minecraft:dripstone_block":1,"iceandfire:armor_copper_metal_chestplate":1,"minecraft:melon_slice":28,"minecraft:bread":8,"minecraft:iron_pickaxe":906,"minecraft:spruce_sapling":1,"minecraft:gravel":15,"mysticsbiomes:lavender":1,"minecraft:stone_axe":2,"minecraft:cobblestone":38,"minecraft:cooked_porkchop":2,"minecraft:porkchop":2,"minecraft:andesite":1,"alexsmobs:animal_dictionary":5,"minecraft:golden_pickaxe":32},"minecraft:picked_up":{"minecraft:wooden_axe":1,"minecraft:charcoal":2,"minecraft:crafting_table":2,"minecraft:golden_pickaxe":1,"minecraft:anvil":1,"minecraft:chest_minecart":3,"minecraft:wooden_pickaxe":3,"minecraft:shield":1,"minecraft:amethyst_block":26,"minecraft:string":32,"minecraft:raw_copper":267,"minecraft:wooden_sword":3,"minecraft:candle":2,"minecraft:cobbled_deepslate":3347,"meadow:enzian":4,"minecraft:iron_pickaxe":6,"minecraft:melon_slice":61,"meadow:alpine_salt":3,"minecraft:furnace":2,"minecraft:stick":12,"minecraft:raw_iron":60,"minecraft:oak_fence":1,"minecraft:torch":85,"mysticsbiomes:lavender":564,"minecraft:porkchop":6,"minecraft:pointed_dripstone":17,"minecraft:diorite":18,"minecraft:redstone":131,"minecraft:tnt":1,"minecraft:stone_sword":1,"minecraft:rotten_flesh":7,"mysticsbiomes:jacaranda_planks":5,"minecraft:cobblestone":602,"minecraft:rail":2,"minecraft:birch_log":7,"minecraft:andesite":34,"minecraft:smoker":1,"minecraft:flint":19,"minecraft:tuff":434,"mysticsbiomes:jacaranda_sapling":3,"minecraft:oak_log":16,"meadow:pine_planks":79,"minecraft:lapis_lazuli":103,"minecraft:dirt":16,"minecraft:wheat_seeds":27,"minecraft:raw_gold":42,"minecraft:stone_pickaxe":16,"meadow:pine_sapling":2,"meadow:cobbled_limestone":1008,"meadow:eriophorum":2,"minecraft:iron_sword":4,"minecraft:oak_planks":20,"minecraft:smooth_basalt":12,"minecraft:cooked_porkchop":2,"minecraft:sweet_berries":30,"minecraft:dripstone_block":8,"minecraft:gravel":131,"minecraft:amethyst_shard":50,"minecraft:spruce_sapling":3,"alexsmobs:animal_dictionary":5,"minecraft:spruce_log":4,"minecraft:spider_eye":1,"minecraft:diamond":89,"minecraft:stone_axe":1,"minecraft:granite":10,"minecraft:bread":2,"minecraft:black_wool":1,"minecraft:coal":56,"iceandfire:raw_silver":5},"minecraft:dropped":{"minecraft:iron_sword":1,"iceandfire:raw_silver":1,"minecraft:iron_ingot":4,"meadow:pine_sapling":2,"minecraft:candle":2,"minecraft:lapis_lazuli":86,"minecraft:diamond":89,"minecraft:dripstone_block":6,"minecraft:cobblestone":1,"minecraft:amethyst_block":26,"minecraft:granite":1,"minecraft:flint":4,"minecraft:stick":3,"minecraft:dirt":4,"minecraft:diorite":14,"minecraft:wooden_axe":1,"minecraft:melon_slice":14,"mysticsbiomes:lavender":71,"minecraft:amethyst_shard":50,"minecraft:iron_pickaxe":3,"minecraft:smooth_basalt":3,"minecraft:redstone":131,"minecraft:gravel":35,"minecraft:anvil":1,"minecraft:sweet_berries":6,"minecraft:raw_copper":70,"minecraft:cobbled_deepslate":798,"minecraft:tuff":64,"minecraft:raw_iron":25,"minecraft:pointed_dripstone":4,"minecraft:rotten_flesh":1,"mysticsbiomes:jacaranda_sapling":3,"minecraft:oak_planks":10,"minecraft:smoker":1,"meadow:cobbled_limestone":118,"mysticsbiomes:jacaranda_planks":5,"minecraft:stone_pickaxe":5,"minecraft:wooden_pickaxe":2,"minecraft:raw_gold":42,"meadow:pine_planks":23,"minecraft:black_wool":1},"minecraft:mined":{"minecraft:large_amethyst_bud":1,"minecraft:diamond_ore":1,"minecraft:tuff":89,"mysticsbiomes:lavender":312,"meadow:small_fir":5,"meadow:alpine_salt_ore":3,"iceandfire:silver_ore":5,"minecraft:deepslate_diamond_ore":30,"mysticsbiomes:jacaranda_blossoms":1,"minecraft:glow_lichen":2,"minecraft:granite":9,"minecraft:budding_amethyst":8,"minecraft:large_fern":2,"minecraft:spruce_sapling":1,"minecraft:furnace":2,"minecraft:iron_ore":24,"minecraft:cobbled_deepslate":3,"minecraft:andesite":29,"meadow:eriophorum":2,"minecraft:deepslate_lapis_ore":3,"minecraft:anvil":1,"minecraft:pointed_dripstone":4,"minecraft:cave_vines":2,"minecraft:deepslate_iron_ore":16,"minecraft:rail":2,"minecraft:stone":343,"minecraft:deepslate_redstone_ore":12,"minecraft:smoker":1,"minecraft:medium_amethyst_bud":1,"minecraft:amethyst_cluster":16,"minecraft:crafting_table":2,"minecraft:oak_fence":2,"minecraft:torch":8,"minecraft:campfire":1,"minecraft:cobblestone":13,"minecraft:copper_ore":60,"minecraft:tall_grass":8,"minecraft:deepslate_gold_ore":42,"minecraft:lapis_ore":2,"minecraft:oak_planks":5,"minecraft:diorite":17,"minecraft:wall_torch":51,"minecraft:amethyst_block":29,"minecraft:deepslate_copper_ore":6,"minecraft:birch_log":7,"minecraft:wheat":1,"minecraft:spruce_log":4,"minecraft:tnt":1,"meadow:limestone":499,"minecraft:grass":105,"minecraft:coal_ore":19,"minecraft:oak_log":16,"minecraft:dirt":6,"meadow:enzian":5,"minecraft:gravel":65,"minecraft:dripstone_block":9,"meadow:cobbled_limestone":10,"meadow:alpine_iron_ore":8,"minecraft:cobweb":32,"mysticsbiomes:jacaranda_leaves":1,"minecraft:smooth_basalt":3,"minecraft:oak_leaves":3,"minecraft:deepslate":1082,"minecraft:fern":1,"minecraft:infested_deepslate":1}},"DataVersion":3465}